,name,target,label
0,内容1,表述,1
1,包装1,不对,0
2,手机1,卡,0
3,下方1,瞌痕,0
4,手机2,卡,0
5,星1,是,1
6,功能1,差,1
7,我1,服,2
8,立马1,降价,2
9,心1,碎,0
10,说1,京东豆,2
11,上1,灰,1
12,机子1,烫,0
13,质量1,不好,0
14,电池1,耐用,0
15,态度1,差,1
16,他家1,买,2
17,客服1,不行,0
18,京东1,笑话,1
19,保价1,笑话,1
20,价格1,浮动,0
21,亲们1,购买,2
22,质量2,差,0
23,手机3,信号,0
24,客服2,联系,0
25,兄弟1,注意,0
26,耳机1,好使,0
27,京东2,是,0
28,手机4,胶封,0
29,态度2,差,0
30,我2,知道,2
31,我3,买,2
32,保1,给,0
33,我4,是,2
34,价1,用,1
35,保2,用,1
36,手机5,送,0
37,网速1,差,0
38,听筒1,回杂音,1
39,打电话1,回杂音,1
40,体验1,超差,1
41,啥1,没有,1
42,拍照1,清晰,0
43,充电器1,问题,0
44,充电1,稳,0
45,我5,买,2
46,数据线1,是,0
47,手机6,发热,0
48,售后服务1,不行,0
49,摄像头1,灰,0
50,到1,有,0
51,拍照2,模糊,0
52,内屏1,点,0
53,保价2,短,0
54,想象1,好,1
55,双十一1,便宜,0
56,质量3,差,0
57,双十一2,券,0
58,反应1,慢,0
59,服务1,差,0
60,保护1,是,1
61,拍照3,不行,0
62,颜色1,不同,1
63,信号1,差,0
64,快1,真是,0
65,手机7,烫,0
66,我6,方面,2
67,解决1,需要,1
68,手机8,好,1
69,手机9,开机,0
70,真1,是,0
71,京东3,变相,0
72,还1,保价,1
73,价格2,稳,0
74,一会1,多,1
75,大家1,慎重,2
76,我7,是,2
77,心2,塞,0
78,手机10,卡顿,0
79,打游戏1,灵敏,1
80,手机11,发热,0
81,相素1,好,0
82,实体1,便宜,0
83,手机12,发热,0
84,app1,闪,0
85,速度1,慢,1
86,充电口1,接触,0
87,外壳1,有,1
88,屏幕1,灰,0
89,手机13,廉价,1
90,ID1,可用,1
91,我8,想,2
92,包装2,发货,1
93,发热1,狠,0
94,信号2,差,0
95,111,大头,1
96,反应2,灵敏,1
97,反应3,灵敏,1
98,信号3,一般,0
99,谁1,知道,2
100,机子2,瑕疵,0
101,拨片1,问题,1
102,退货1,换,0
103,心态1,爆炸,0
104,包装3,不行,0
105,客服3,消息,1
106,手机14,问题,0
107,信号4,差,1
108,送货1,分配,0
109,自己1,去,2
110,屏幕2,灵敏,1
111,其他1,问题,2
112,手机15,旧,0
113,服务2,差,1
114,东西1,显示,0
115,屏幕3,觉得,1
116,发货1,慢,1
117,信号5,稳定,0
118,联系1,说,0
119,客服4,差价,0
120,自己2,拿,2
121,火1,大,0
122,手机16,死机,0
123,2001,支持价,1
124,信号6,差,0
125,充电口2,有,0
126,手機1,廢,0
127,摄像头2,烫,0
128,功能2,失灵,1
129,声音1,问题服,1
130,后屏1,碎,1
131,手机17,发,0
132,112,是,1
133,包装4,发货,1
134,意1,平,0
135,我9,用,2
136,电池2,99,0
137,速度2,快,1
138,其它1,落伍,2
139,摄像头3,漆,0
140,发热2,用,0
141,物流1,慢,0
142,人员1,服务,1
143,心3,碎,0
144,发货2,死,0
145,盖1,发热,1
146,耗电1,快,0
147,时间1,到,1
148,保护2,不行,1
149,买1,注意,1
150,态度3,不好,1
151,包裹1,湿,1
152,谁2,敢,2
153,我10,手机,2
154,他们1,叫,2
155,我11,怎么办,2
156,掉电1,厉害,0
157,视频1,烫,1
158,包装5,有,1
159,申请1,结果,1
160,通信1,杂音,0
161,货1,瑕疵,1
162,分辨率1,一般,0
163,手机18,清,0
164,包裹2,变形,0
165,快递1,给力,1
166,心情1,不好,0
167,理由1,是,1
168,理由2,给,1
169,充电头1,没有,0
170,缺1,带,0
171,手机19,不错,0
172,电池3,不好,0
173,屏幕4,黄,0
174,右键1,坏,0
175,屏幕5,灵敏,0
176,商品1,差价,0
177,销售1,卖,1
178,贵1,出,2
179,iPhone1,看齐,1
180,赶1,亏,1
181,手机20,信号,1
182,苹果1,信号,1
183,充电器2,配,0
184,我12,是,2
185,拍照4,点,0
186,外包装1,破损,0
187,领券1,有趣,1
188,感觉1,一般,0
189,颜色2,不错,0
190,手感1,轻,0
191,差评1,因为,0
192,商家1,保价,1
193,保价3,天,0
194,加音量键1,陷,0
195,充电器3,没有,0
196,我13,要,2
197,处1,瑕疵,1
198,充电器4,分开,0
199,手机电1,耐用,0
200,实体店1,好,1
201,手机21,发,0
202,手机22,充电,0
203,收货1,退货,0
204,商家2,处理,0
205,屏幕6,裂缝,0
206,时间2,天,1
207,声音2,异常,1
208,声音3,坏,1
209,控1,不行,1
210,次品1,多,1
211,问题1,多,0
212,啥2,玩意儿,2
213,电池4,问题,1
214,续航1,问题,1
215,网络1,差,0
216,网1,上,0
217,手机23,问题,0
218,卡1,不好用,0
219,上2,划痕,1
220,各位1,包装,2
221,我14,直言,2
222,功能3,闪,1
223,客服5,是,0
224,会1,启,0
225,手机24,翻车,0
226,手机25,是,1
227,屏幕7,划痕,1
228,申请2,成功,0
229,音质1,杂音,0
230,手机26,用,0
231,充电器5,到,0
232,包装6,简单,0
233,问题2,断,0
234,自营1,谱,1
235,质量4,不行,1
236,功能4,问题,1
237,漆面1,拱,0
238,物流2,地方,0
239,拍1,黄,1
240,信号7,丢失,0
241,亮度1,低,0
242,质量5,不行,1
243,颜色3,黄,1
244,手机27,问题,0
245,来1,手机,1
246,手机28,卡,0
247,信号8,差,0
248,手机29,月,0
249,发票1,开,0
250,屏幕8,划痕,0
251,买2,语,1
252,啥3,是,0
253,手机30,插头,1
254,信号9,不好,0
255,买3,坏,1
256,合格证1,没有,1
257,旁边1,划痕,1
258,颜色4,发,1
259,啥4,有,1
260,自己3,退出,0
261,外观1,损坏,0
262,屏幕9,触摸,0
263,我15,吐,2
264,电量1,差,0
265,内1,异物,1
266,你1,诉求,0
267,开1,没有,1
268,花1,值,1
269,荣耀卡1,到,1
270,死机1,发,0
271,一代1,一代,0
272,质量6,差,0
273,电池5,抗用,0
274,我16,服,2
275,赠品1,给,0
276,手机31,不错,0
277,速度3,快,1
278,客服6,是,1
279,回复1,是,1
280,信息1,显示,1
281,产品1,划痕,0
282,手机32,火果,1
283,天气1,冷,0
284,京东4,处理,0
285,本身1,问题,1
286,换1,坑,1
287,里面1,东西,1
288,怀疑1,正品,0
289,快递2,及时,0
290,星2,是,1
291,京东5,垃圾,2
292,锁屏键1,弹性,1
293,手机33,发热,1
294,问题3,坏,1
295,边缘1,瑕疵,1
296,玻璃1,贴合,0
297,客服7,联系,1
298,系统1,用,0
299,开增票1,京豆,0
300,包装7,差,0
301,自己4,买,2
302,屏幕10,黄,0
303,你们1,有,2
304,送货2,快,1
305,信号10,差,0
306,电池6,耐用,0
307,手机34,办法,0
308,手机35,有,0
309,态度4,差,1
310,音质2,不好,0
311,配件1,齐全,0
312,客服8,屁,0
313,啥5,会,0
314,摄像头4,漆,0
315,店1,有,1
316,数据线2,问题,0
317,识别1,闪退,1
318,兄弟2,买,0
319,我17,号码,2
320,耗电2,快,0
321,信号11,死,0
322,这1,鬼,2
323,检测1,说,0
324,喇叭1,有时候,0
325,沙沙1,响,0
326,绿1,到,1
327,快递3,责任心,1
328,121,差,0
329,花屏1,失灵,1
330,屏幕11,失灵,1
331,订单1,准,1
332,啥6,没有,2
333,效果1,好,1
334,我18,满意,2
335,网络2,差,0
336,运气1,好,0
337,主产品1,流量卡,0
338,送1,裸机,1
339,她1,退换,2
340,我19,退,2
341,我20,不见,1
342,充电器6,不见,1
343,电池7,耐用,1
344,其他2,行,2
345,期1,免息,1
346,电池8,抗用,0
347,结果1,晚,1
348,这个1,东西,0
349,相机卡1,死,1
350,性价比1,高,0
351,质量7,一般般,0
352,质量8,一般般,0
353,声音4,问题,0
354,包装8,破损,0
355,心里1,爽,0
356,充电器7,没有,0
357,态度5,不好,1
358,我21,打电话,2
359,卡2,启,0
360,体验2,棒,0
361,信号12,短板,0
362,人1,手机,0
363,你2,标杆,2
364,自己5,玩,2
365,钱1,手机,1
366,充电头2,没有,0
367,充电2,靠,1
368,屏幕12,点,0
369,手机36,问题,0
370,赠送1,说,1
371,保护3,说,1
372,信号13,差,0
373,外包装2,这样子,1
374,心情2,不好,0
375,发热3,严重,0
376,手机37,卡,1
377,机1,关,1
378,手机38,是,1
379,屏幕13,问题,0
380,买4,怎么样,2
381,我22,是,2
382,退1,退,1
383,拍照5,发热,1
384,122,不好使,1
385,手机39,行,0
386,我23,公开版,2
387,这2,是,2
388,时间3,达到,1
389,蓝牙1,问题,1
390,连接车1,牙,0
391,我24,手机,2
392,网络3,差,0
393,颜色5,黄,0
394,点1,点,1
395,没有1,好,2
396,感觉2,好,0
397,手机40,好,0
398,星3,是,1
399,页面1,账号,1
400,十二1,单卡,1
401,机器人1,回复,1
402,屏幕14,黄,0
403,彩1,关,1
404,手机41,画屏,0
405,平台1,官,1
406,个人1,买,2
407,大家2,买,2
408,屏幕15,没有,0
409,质量9,不行,0
410,续航2,差,1
411,我25,卡,1
412,买5,卡,1
413,手机42,标配,0
414,手机43,烫,1
415,质量10,缺陷,0
416,膜1,当,1
417,东西2,东西,0
418,问1,得到,1
419,个人2,香,1
420,刘海1,划痕,0
421,我26,输,2
422,商品2,好,0
423,态度6,差,1
424,回复2,慢,0
425,拆封1,激活,1
426,按键1,问题,1
427,天猫1,支持,0
428,买6,序列号,1
429,手机44,好,0
430,电话卡1,天,1
431,台1,玩,1
432,换2,玩,1
433,里面2,灰,1
434,自己6,懒得,2
435,客服9,喜欢,0
436,建议1,商铺,1
437,充电头3,没有,0
438,按键2,灵敏,0
439,客服10,机器人,1
440,其他3,好,2
441,你们2,拍照,2
442,性价比2,输,0
443,发货3,慢,0
444,你们3,心情,2
445,包装9,烂,0
446,狗1,啃,1
447,打字1,灵敏,1
448,包装10,口子,2
449,人为1,口子,2
450,快递4,就,1
451,小伙伴1,上当,0
452,手机45,有,0
453,下单1,显示,0
454,开封1,客损,0
455,冲电头1,适用,0
456,这里1,激活,0
457,手机46,激活,0
458,机2,关机,1
459,手机47,充电器,0
460,基本1,没有,1
461,送2,不爽,1
462,心里2,不爽,1
463,客服11,说,0
464,充电3,严重,1
465,手机48,好,0
466,包装11,差,0
467,手提袋1,没有,1
468,满1,灰尘,0
469,屏幕16,裂纹,0
470,手机49,发现,0
471,我27,加班,2
472,发票2,问题,0
473,产品2,可想而知,0
474,质量11,问题,1
475,屏幕17,失灵,0
476,信号14,差,0
477,没华1,好,0
478,外观2,问题,0
479,买7,还是,1
480,保价4,门,1
481,脑子1,疼,0
482,手机50,不行,0
483,啥7,是,0
484,屏幕18,问题,1
485,怀疑2,新机,0
486,手机51,灵,1
487,触屏1,灵,1
488,体验3,差,1
489,服务3,差,0
490,充电4,方便,0
491,手机52,出现,0
492,价格3,贵,0
493,绿屏1,新,0
494,京东6,差,0
495,里1,灰,1
496,电筒1,亮,0
497,赠品2,不行,0
498,京东7,是,0
499,屏幕19,失灵,0
500,售后服务2,差,0
501,外壳2,缝隙,1
502,部分1,发红,0
503,检测2,说,0
504,别人1,退货,2
505,物流3,差,0
506,京东8,讲理,0
507,玩1,卡,1
508,玩王者老1,是,0
509,电量2,下,1
510,气1,血,0
511,边框1,水痕,1
512,信号15,差,0
513,格1,卡,1
514,手感2,差,0
515,7991,买,2
516,耳机2,坏,0
517,你3,买,2
518,京东9,换,0
519,官网1,退换货,0
520,自己7,选择,2
521,信号16,好,0
522,王者1,电,2
523,会2,帧,0
524,这3,问题,1
525,屏幕20,划痕,1
526,手机53,问题,0
527,触摸屏1,不灵,0
528,态度7,不好,1
529,果粉1,伤心,0
530,内2,灰尘,1
531,内屏2,花,0
532,手机54,发热,0
533,反应4,慢,0
534,我28,没法,2
535,真2,是,0
536,手机卡1,营业厅,0
537,屏幕21,划痕,0
538,态度8,差,0
539,屏幕22,黄,0
540,我29,建议,2
541,服务4,不好,0
542,小哥1,鞋柜,1
543,使用1,不如,0
544,屏幕23,动不动,0
545,大家3,买,2
546,我30,货,2
547,摄像头5,灰尘,1
548,京东10,售,0
549,维权1,到底,1
550,缝隙1,大,0
551,同事1,快递,0
552,标签1,状态,0
553,大家网1,购,2
554,卡槽1,平整,0
555,侧1,凹陷,1
556,上3,裂痕,1
557,我31,是,1
558,换3,是,1
559,问题4,带,0
560,屏幕调1,暗,0
561,保护液1,漏,1
562,京东11,是,2
563,手机55,敲,1
564,屏幕24,敲,1
565,货2,退,0
566,钱2,退,0
567,触摸1,灵,0
568,手机56,视频,0
569,听筒2,问题,0
570,对方1,听,0
571,快递5,快,0
572,手机57,密码,0
573,我32,会,2
574,商家3,事,0
575,水平1,没,1
576,按键3,问题,1
577,质量12,差,1
578,拍照6,反映,0
579,充电线1,坏,0
580,态度9,差,1
581,购物1,是,1
582,我33,想,2
583,我34,接受,2
584,屏幕25,黄,0
585,大家4,问题,2
586,手机58,瑕疵,0
587,你们4,货,2
588,角落1,磕碰,1
589,新1,翻新机,1
590,手机59,问题,0
591,音量调1,大,0
592,我35,是,2
593,电1,掉,0
594,颜色6,绿,1
595,手机60,大,0
596,边框2,凸现,1
597,商家4,发货,0
598,这4,是,2
599,大家5,官方,2
600,屏幕会1,情况,0
601,内包装1,凹痕,0
602,这个2,知道,0
603,装1,完好,1
604,包装12,压痕,1
605,按1,灵活,1
606,买8,正品,1
607,追求1,建议,1
608,边框3,划痕,1
609,别人2,登录,2
610,自己8,看,0
611,大家6,注意,2
612,官网2,不行,1
613,退2,不行,1
614,换4,在,1
615,价2,是,1
616,京东12,让,0
617,充电5,情况,1
618,充电器8,干净,1
619,摄像头6,刮痕,0
620,心里3,舒服,1
621,声音5,别扭,0
622,处2,瑕疵,1
623,质量13,差,1
624,外观3,变成,0
625,机子3,到,1
626,激活1,到,1
627,这5,可笑,1
628,拍照7,绿屏,1
629,边框4,漆,0
630,下方2,划痕,1
631,充电头4,没有,1
632,我36,知道,2
633,耗电3,快,0
634,速度4,慢,1
635,侧边1,边框,1
636,换5,差价,1
637,手机61,掉,1
638,送货3,补,0
639,京东13,补贴,2
640,手机62,好,0
641,京东14,没,1
642,玩2,没,1
643,摄像头7,打,0
644,开机1,需要,0
645,屏幕26,失灵,0
646,大家7,好,2
647,答应1,是,2
648,边框5,划痕,1
649,个1,问题,1
650,logo1,问题,1
651,买9,问题,1
652,品控1,差,1
653,屏幕27,磨痕,0
654,自1,倒霉,1
655,屏幕28,失灵,1
656,品控2,差,0
657,手机63,划痕,1
658,出厂1,划痕,1
659,内屏3,划痕,0
660,官方1,给,0
661,商品3,好,0
662,手机64,手,1
663,领导1,过,1
664,别的1,好,2
665,网络4,不好,0
666,信号17,满,0
667,101,好,1
668,信号18,弱,1
669,导航1,延迟,0
670,退3,显示,1
671,屎1,黄,1
672,法院1,见,0
673,苹果2,有,0
674,荣耀1,局,1
675,上4,划痕,1
676,京东15,换货,2
677,机器1,用,0
678,侧面1,划痕,1
679,结果2,是,0
680,能力1,差,1
681,技术1,不好,1
682,关键1,低,1
683,60Hz1,低,1
684,刷新1,低,1
685,自己9,看,2
686,官方2,二手,0
687,机器2,开机,1
688,蓝牙2,打开,0
689,这6,奇葩,2
690,公司1,不择手段,1
691,你4,改,2
692,儿子1,为了,1
693,中间1,黑屏,0
694,客服12,懂,0
695,手机65,残次品,1
696,搜索1,模糊,1
697,什么1,没,0
698,触屏2,稳定,0
699,买10,好,1
700,手机66,手,0
701,方面1,好,0
702,分1,拔掉,1
703,电池9,鼓,1
704,care1,生效,0
705,快递员1,仓库,0
706,经历1,真是,1
707,他1,电,2
708,台2,拍照,1
709,要求1,不行,0
710,Wifi1,连,1
711,新机1,开箱,0
712,我37,质检员,2
713,创新1,不如,1
714,系统2,流畅,0
715,游戏1,打,0
716,画质1,调,0
717,信号19,不好,0
718,这7,苹果,2
719,我38,苹果,2
720,京东16,假,1
721,卖1,假,1
722,的1,货,0
723,大家8,录像,2
724,人2,退,1
725,自己10,花,2
726,苹果3,做,0
727,进入1,成,1
728,上5,地方,0
729,毛病1,多,1
730,bug1,多,1
731,续航3,一代,1
732,mate401,苹果,1
733,上面1,痕迹,0
734,这个3,新,1
735,我39,苹果,2
736,这个4,知道,1
737,方面2,可以,1
738,信号差1,有,1
739,玩王者1,保持,0
740,动不动1,延迟,1
741,我40,表,2
742,手机67,漂亮,0
743,缺点1,是,0
744,头1,是,1
745,手机68,要,1
746,玩3,卡,1
747,弄1,不行,1
748,自己11,关机,2
749,手机69,好,0
750,边1,印记,1
751,宽1,印记,1
752,问2,有,1
753,态度10,不好,1
754,检测3,认为,1
755,开机2,正常,1
756,京东17,买,0
757,缝隙2,大,0
758,内缘1,有,0
759,残次品1,多,1
760,我41,开机,2
761,我42,爽,2
762,手机70,烫,0
763,本身2,问题,1
764,充电6,烫,1
765,超大杯1,大,0
766,银色1,漂亮,0
767,心情3,激动,1
768,里边1,灰,1
769,这8,差评,2
770,京东18,好,1
771,送货4,好,1
772,不好1,是,1
773,我43,亏,2
774,管控1,不行,1
775,里2,灰,1
776,亮度2,一致,1
777,断网1,信号,1
778,卡槽处1,瑕疵,0
779,京东19,给,0
780,123151,介入,1
781,京东20,假,1
782,卖2,假,1
783,带1,货,0
784,带2,货,1
785,大家9,买,2
786,我44,12promax,2
787,部1,购买,1
788,原因1,apple,0
789,结果3,问题,0
790,手机71,不错,0
791,客服13,烂,0
792,懂1,是,1
793,自营店1,正规,0
794,心情4,糟,0
795,我们1,事,1
796,购买1,事,1
797,自己12,够,1
798,做1,够,1
799,效果2,好,1
800,你们5,要求,2
801,我45,要求,2
802,我46,证明,2
803,顶端1,触摸,1
804,情况1,普遍,1
805,软件1,兼容,0
806,优酷1,投屏,1
807,系统3,流畅,0
808,功能5,弱,0
809,截图1,没有,1
810,翻译1,没有,1
811,跨1,弱,1
812,ipad1,只是,0
813,手机72,落后,1
814,手机73,厚重,0
815,原因2,是,1
816,有且1,苹果,2
817,触屏3,灵敏,0
818,我47,显示,1
819,打字2,显示,1
820,情况2,出现,1
821,玩王者2,出现,0
822,烦1,问题,1
823,打1,流畅,1
824,能妆1,比,0
825,性能1,敌,1
826,外观4,精致,0
827,速度5,快,1
828,换6,好,1
829,换7,划算,1
830,免息1,划算,1
831,缺点2,对比,0
832,充电7,雪,1
833,手1,拉,0
834,肉眼1,可见,1
835,系统4,简陋,0
836,画面1,拉,1
837,车牌1,拉,1
838,游戏2,差,1
839,优化1,差,1
840,用户1,新,1
841,苹果4,落后,0
842,价值1,重要,1
843,北奔标1,占,1
844,标1,占,1
845,你5,装版,2
846,手机壳1,没有,0
847,售后服务3,差,0
848,客服14,正常,0
849,星4,客服,1
850,官方3,回答,2
851,速度6,慢,0
852,手机74,严重,1
853,发热4,严重,1
854,发货4,慢,0
855,服务5,差劲,0
856,手感3,好,0
857,价格4,跌,0
858,牌子1,可靠,1
859,天1,降价,0
860,这9,差,2
861,我48,差,2
862,信号20,差,0
863,态度11,差评,1
864,屏幕29,划痕,0
865,充电器9,没有,1
866,投诉1,门,0
867,回复3,机器人,1
868,服务6,差,0
869,手机75,货,1
870,退货2,让,1
871,买11,想,1
872,信号21,差,0
873,感受1,差,0
874,己1,退货,2
875,大家10,谨慎,2
876,耳机3,裸机,0
877,死机2,次,1
878,手机76,不错,0
879,差评2,是,0
880,投诉2,门,0
881,触控1,不灵,0
882,内部1,灰尘,1
883,套路1,深,0
884,体验4,满意,0
885,态度12,差,1
886,平台2,保价,0
887,信号22,差,1
888,包装13,破损,1
889,速度7,慢,1
890,京东21,有,0
891,发货5,及时,0
892,价3,保,0
893,双十二1,便宜,0
894,手机77,不行,0
895,待机1,不行,1
896,态度13,差,1
897,手机78,满意,0
898,我49,手机壳,2
899,咱1,滴,0
900,谁3,后悔,2
901,保修期1,是,0
902,厂1,包装,0
903,各位2,眼,2
904,机器3,送,0
905,我50,服,2
906,降价1,快,0
907,商品4,问题,0
908,物流4,死,0
909,她们1,说,2
910,健康值1,是,1
911,屏幕30,失灵,0
912,数据线3,坏,0
913,东西3,退,1
914,京东22,会,0
915,我51,服,2
916,手机79,行,0
917,物流5,极点,0
918,降价2,超,0
919,保价5,毛用,1
920,售后服务4,差,0
921,血1,亏,1
922,京东23,辣鸡,2
923,客服15,搭理,0
924,价格5,下降,1
925,一言1,难尽,0
926,手机80,开始,0
927,售后服务5,差,0
928,咨询1,没,0
929,服务7,差,1
930,年1,不如,1
931,酬1,和,0
932,京东24,保,1
933,价4,保,1
934,静音键1,松动,0
935,手机81,差,0
936,客服16,没,0
937,边角1,痕迹,1
938,发货6,慢,0
939,送货5,慢,0
940,龟1,速,0
941,我52,服,2
942,减价1,算,0
943,我53,看到,2
944,降价3,快,0
945,苹果5,不行,0
946,兄弟3,慎重,1
947,价格6,降,0
948,降价4,降,0
949,我54,笑,2
950,京东25,值得,0
951,东西4,东西,0
952,手机82,好,0
953,价格7,一样,0
954,什么2,价,2
955,保价6,通过,0
956,打电话2,断断续续,1
957,电池10,用,0
958,质量14,问题,0
959,喇叭2,坏,0
960,里面3,头发,0
961,套装1,一代,1
962,手机83,发热,0
963,信号23,不好,0
964,声音6,时高时低,1
965,保护4,通,1
966,181,降,0
967,套路2,满满,0
968,客服17,给,0
969,买12,少,0
970,机器4,故障,0
971,感觉3,是,0
972,翻新机1,退货,0
973,我55,原因,1
974,保障1,原因,1
975,双十一3,便宜,0
976,活动1,赶上,1
977,买13,是,1
978,京东26,买,2
979,买14,降价,1
980,我56,r**l,2
981,买15,说,1
982,声音7,小,1
983,态度14,不怎么样,1
984,沟通1,无效,1
985,买16,理,1
986,人3,理,1
987,自己13,去,2
988,自己14,启,2
989,素1,不好,0
990,用1,快,0
991,质量15,好,0
992,客服18,差,1
993,手机84,滴,1
994,态度15,差,1
995,问3,回,0
996,华为1,好,1
997,屏幕31,失灵,0
998,打电话3,杂音,1
999,我57,看,2
1000,买17,累,1
1001,屏幕32,失灵,0
1002,强制1,关机,0
1003,电量3,损耗,0
1004,性价比3,低,0
1005,电池11,耐用,0
1006,的2,好,2
1007,发货7,慢,0
1008,时间4,短,1
1009,体验5,差,1
1010,称号1,是,1
1011,电量4,到,0
1012,速度8,快,1
1013,朋友1,问题,2
1014,他2,问题,2
1015,Sim卡1,LTE,1
1016,客服19,爱,0
1017,速度9,点,1
1018,性能2,6S,1
1019,手感4,不行,0
1020,反应5,不好,0
1021,选择1,是,1
1022,国航1,是,0
1023,客服20,是,0
1024,客服21,说,0
1025,月1,到,1
1026,双十一4,买,0
1027,满2,减,1
1028,满3,减,1
1029,保护5,有,1
1030,充电孔1,坏,0
1031,我58,晕,2
1032,电池12,耐用,0
1033,6181,降价,2
1034,一言2,难尽,0
1035,手机85,好用,0
1036,手机86,耳机,1
1037,寿命1,问题,1
1038,死机3,回,1
1039,速度10,快,1
1040,放1,用不了,1
1041,镜头1,坏,0
1042,屏幕33,小,1
1043,新机2,到手,0
1044,拆封2,开机,0
1045,申请3,换,1
1046,我59,想,2
1047,手机87,问题,0
1048,我60,找,2
1049,顺序1,乱,1
1050,适配器1,写,1
1051,单卖1,写,1
1052,手机88,回来,0
1053,别人3,退货,2
1054,买18,谨慎,1
1055,屏幕34,发,0
1056,速度11,快,1
1057,电池13,发热,0
1058,时间5,小时,1
1059,电2,冲,0
1060,手机89,挂,1
1061,打电话4,挂,1
1062,信号24,显示,1
1063,不好2,显示,1
1064,里面4,脏,1
1065,屏幕35,指纹印,0
1066,手机90,甩,0
1067,手机91,慢,0
1068,这10,手机,1
1069,公司2,手机,1
1070,手机app1,痕迹,1
1071,怀疑3,是,0
1072,信号25,差,0
1073,手机92,价,0
1074,苹果6,不怎么样,0
1075,星5,是,1
1076,耗电4,快,0
1077,立马2,3299,1
1078,这11,情况,2
1079,数据线4,电,0
1080,京东27,雷,0
1081,话1,和,2
1082,发货8,带,0
1083,包装盒1,放,1
1084,这12,新机,0
1085,二手机1,新机,0
1086,我61,买,2
1087,赠品3,保价,1
1088,有1,不行,1
1089,6182,少,2
1090,屏幕36,碎,0
1091,直接卡1,死,1
1092,屏幕37,小,0
1093,谁4,死机,2
1094,官方4,标配,1
1095,耗电5,快,0
1096,耗电6,快,0
1097,屏幕38,小,0
1098,降价5,快,0
1099,月2,到,1
1100,杀1,孤儿,1
1101,做2,报应,1
1102,听筒3,坏,0
1103,反馈1,坏,1
1104,我62,佛,2
1105,手机93,问题,0
1106,充电器10,坏,0
1107,这13,让,2
1108,大家11,去,2
1109,信号26,差,0
1110,数据1,死,1
1111,视频2,动,1
1112,双十一5,同价,1
1113,我63,疯,2
1114,反应6,慢,0
1115,会3,卡,0
1116,外膜1,膜,1
1117,朋友2,慎重,1
1118,电池14,充满,0
1119,手机94,数据,1
1120,我64,买,2
1121,主板1,坏,0
1122,心态2,炸,0
1123,电池15,发烫,1
1124,状况1,异常,0
1125,上网1,慢,0
1126,耗电7,快,0
1127,发票3,有限公司,0
1128,我65,充电,2
1129,自己15,机,2
1130,服务8,好,0
1131,肝1,疼,1
1132,京东28,除了,0
1133,什么3,不行,1
1134,他3,退,2
1135,我66,退,2
1136,京东29,人,2
1137,耗电8,快,0
1138,手机95,发,0
1139,信号27,一般,1
1140,差1,一般,1
1141,电池16,耗电,0
1142,苹果7,壳,0
1143,双十一6,买,0
1144,手机96,好,0
1145,我67,想,2
1146,用2,快,0
1147,信号28,差,0
1148,中国1,不行,0
1149,信号29,差,0
1150,使用2,还行,1
1151,操作1,牛,1
1152,京东30,除了,1
1153,买19,除了,1
1154,手机97,精英,0
1155,触屏4,失灵,1
1156,人4,搭理,1
1157,白条1,券,0
1158,价格8,波动,0
1159,屏幕39,小,0
1160,用3,懵逼,2
1161,电池17,伤,0
1162,电池18,花,0
1163,手机98,没得说,0
1164,充电器11,没用,1
1165,月3,到,1
1166,听筒4,问题,0
1167,机子4,是,0
1168,死机4,回,1
1169,我68,查,2
1170,京东31,熟客,2
1171,一言3,难尽,1
1172,蓝牙3,问题,1
1173,连接1,问题,1
1174,手机99,差,1
1175,买20,谨慎,1
1176,手机100,少,0
1177,寿命2,少,0
1178,退货3,叫,0
1179,我69,点,2
1180,我70,弄,2
1181,大家12,去,2
1182,配件2,充电头,0
1183,反应7,快,0
1184,电池19,超,0
1185,听筒5,电流声,0
1186,我71,没有,1
1187,赠品4,没有,1
1188,触摸屏2,灵敏,0
1189,手机101,小,0
1190,充电8,死,0
1191,买21,贵,1
1192,我72,错,2
1193,发货9,慢,0
1194,物流6,慢,0
1195,手机102,打电话,0
1196,京东32,谱,1
1197,客户1,回复,0
1198,退4,叫,0
1199,京东33,管,0
1200,我73,退货,2
1201,手机103,屏,0
1202,王者2,响,1
1203,信号差2,现象,0
1204,退货4,不易,1
1205,素质1,不行,1
1206,配置1,简单,1
1207,信号30,稳,0
1208,手机104,关机,0
1209,感觉4,翻新机,0
1210,语音1,杂音,0
1211,信号31,不好,0
1212,别人4,拆封,2
1213,加1,看,1
1214,屏幕40,坏点,0
1215,速度12,奇慢,1
1216,耗电9,快,0
1217,时间6,耗电,1
1218,屏幕41,振动,1
1219,你6,拆,1
1220,原装1,拆,1
1221,品控3,这样,1
1222,手机105,用,0
1223,手机106,烫,0
1224,朋友3,注意,1
1225,手机107,会,1
1226,信号32,一般,0
1227,苹果8,快,1
1228,降价6,快,1
1229,品牌1,降价,1
1230,用4,钱包,0
1231,质量16,差,1
1232,手机108,电,1
1233,质量17,有待,0
1234,手机109,烫,0
1235,耗电10,快,0
1236,时间7,久,1
1237,时间8,成,1
1238,屏幕42,小,0
1239,操作2,习惯,0
1240,手机110,用,0
1241,服务9,差,0
1242,商品5,行,0
1243,手机111,热,1
1244,态度16,是,1
1245,手机112,发热,0
1246,我74,退货,2
1247,手机113,充电,0
1248,客服22,敷衍,0
1249,屏幕43,绿,0
1250,其他4,行,2
1251,pro1,翻车,0
1252,siri1,显示,0
1253,打开1,是,1
1254,快递6,问题,1
1255,我75,用,2
1256,我76,服,2
1257,想1,充,2
1258,屏幕44,刮痕,1
1259,想2,好,0
1260,能力2,差,0
1261,我77,放心,2
1262,发货10,没,0
1263,质量18,问题,0
1264,京东34,倒闭,0
1265,补1,可以,0
1266,我78,花,2
1267,线头1,裂,1
1268,打开2,划痕,1
1269,前置1,问题,1
1270,什么4,没有,0
1271,体验6,差,0
1272,态度17,恶劣,1
1273,送达1,慢,0
1274,东西5,还是,1
1275,自己16,裂开,2
1276,手机114,不错,0
1277,AC1,+,1
1278,关机键1,下沉,0
1279,回1,问题,0
1280,手机115,痕迹,0
1281,外观5,好,0
1282,设置1,效果,1
1283,相机1,灰尘,0
1284,插1,划痕,1
1285,大家13,检查,2
1286,打2,反映,1
1287,开机3,需,0
1288,信号33,差,0
1289,反应8,没华为快,0
1290,屏幕45,绿,0
1291,图片1,发光,1
1292,购物2,如,0
1293,手机116,就卡,0
1294,这14,是,0
1295,买22,是,1
1296,装2,手机,1
1297,屏幕46,磕,0
1298,新机3,激活,0
1299,感觉5,是,0
1300,开机4,问题,0
1301,机子5,问题,0
1302,照相1,斑,0
1303,他们2,承认,1
1304,买23,跟,1
1305,数据线5,脏,0
1306,手机117,是,0
1307,手机118,失灵,0
1308,客服23,押金,1
1309,京东35,手机,2
1310,自己17,检测,2
1311,我79,寄,2
1312,我80,闲,2
1313,车载1,来,1
1314,边框6,划痕,1
1315,这块1,漆,2
1316,买24,没有,1
1317,保护壳1,花,0
1318,王者3,玩,2
1319,手机119,烫,0
1320,界面1,出现,0
1321,发烫1,通病,1
1322,玩4,谨慎,1
1323,手机120,不错,0
1324,待机2,行,1
1325,价格9,低,1
1326,京东36,合作方,2
1327,一星差评1,是,0
1328,我81,游戏,2
1329,手机121,延迟,0
1330,买25,卡,1
1331,信号34,不好,0
1332,手机122,情况,0
1333,苹果店1,问题,1
1334,手机123,问题,1
1335,买26,是,1
1336,二1,是,2
1337,运气2,不好,1
1338,包装14,有,1
1339,人家1,这样,1
1340,手机124,这样,1
1341,京东37,手机,1
1342,现象1,完成,1
1343,小哥2,感谢,1
1344,朋友4,建议,1
1345,信号35,差,1
1346,收到1,是,1
1347,送3,放,0
1348,手机125,不见,0
1349,手机126,是,0
1350,灯光1,划痕,0
1351,屏幕47,划痕,0
1352,京东38,手机,0
1353,大家14,瑕疵,2
1354,旁边2,瑕疵,2
1355,手机127,卡,2
1356,电量5,小,0
1357,电量6,高,1
1358,摄影1,大,0
1359,系统5,流畅,0
1360,性价比4,不如,2
1361,容量1,低,1
1362,程序1,麻烦,1
1363,颜色7,暗黄,1
1364,屏幕48,问题,0
1365,滑动1,情况,1
1366,检查1,说,1
1367,检测4,问题,1
1368,手机128,退,0
1369,客服24,智能,0
1370,手机129,过,0
1371,屏幕49,收到,0
1372,注册ID1,显示,0
1373,东西6,好,0
1374,心里4,舒服,1
1375,用5,没有,1
1376,一个1,厂商,0
1377,一个2,叫,0
1378,续航4,差,0
1379,手机者1,买,1
1380,截图2,如下,1
1381,手机130,用,1
1382,声音8,现象,0
1383,有的1,应用,2
1384,启1,好,1
1385,原因3,导致,1
1386,感觉6,介意,2
1387,我82,介意,2
1388,缝隙3,大,1
1389,两边1,近,1
1390,宝贝1,供,0
1391,信号36,差,0
1392,信号37,差,0
1393,信号38,差,0
1394,手机131,到,0
1395,别的2,可以,2
1396,体验感1,愉快,0
1397,效果3,差,1
1398,服务10,差,1
1399,话2,知道,1
1400,手机132,到,0
1401,垃圾1,小,0
1402,体验7,不好,0
1403,我83,委屈,2
1404,质量19,差,0
1405,电池20,耐用,0
1406,客服25,差,0
1407,差2,差评,0
1408,蓝色1,发货,0
1409,店2,欺客,1
1410,京东39,差,1
1411,送货6,及时,0
1412,边框7,划痕,0
1413,闪屏1,触摸,2
1414,信号39,差,1
1415,屏幕50,闪,1
1416,小白1,上手,1
1417,手机133,死机,0
1418,机身1,烫,0
1419,这15,是,2
1420,发热5,严重,0
1421,屏幕51,问题,0
1422,电量7,顶用,1
1423,啥8,干,1
1424,辣鸡1,草,0
1425,妈1,苹果,1
1426,线1,苹果,1
1427,态度18,差,1
1428,大家15,骗,2
1429,屏幕52,小,0
1430,我84,服,2
1431,发热6,严重,0
1432,检测5,不予,1
1433,手感5,差,0
1434,自2,带,2
1435,时间9,短,1
1436,朋友5,买,1
1437,手机134,是,0
1438,手机135,买,1
1439,我85,服,2
1440,事1,理由,1
1441,京东40,差评,0
1442,服务11,开始,1
1443,换8,愉快,1
1444,啥9,带,1
1445,华为2,出坑,2
1446,网络5,差,1
1447,转发1,需要,1
1448,手机136,用,0
1449,人员2,较真,1
1450,速度13,慢,1
1451,天2,过去,1
1452,价格10,高,0
1453,别的3,做,2
1454,速度14,慢,1
1455,投诉3,货,0
1456,手机137,问题,0
1457,喇叭3,问题,0
1458,快递员2,尽责,1
1459,这16,手机,2
1460,我86,手机,2
1461,物流7,慢,0
1462,客服26,垃圾,1
1463,人5,垃圾,1
1464,我87,塑料纸,2
1465,服务12,差,1
1466,收到2,大,1
1467,自己18,大,1
1468,看到1,大,1
1469,评价1,星,0
1470,充电头5,没有,0
1471,耳机4,没有,0
1472,大家16,上当,2
1473,appleID1,是,0
1474,别人5,退货,2
1475,黑屏1,次,0
1476,打开3,是,1
1477,时间10,慢,1
1478,客服27,敷衍,1
1479,一个3,接到,0
1480,按键4,坏,1
1481,我88,等,2
1482,屏幕53,划痕,0
1483,体验8,差,1
1484,边框8,瑕疵,0
1485,我89,怕,2
1486,进1,慢,1
1487,游戏3,屏,0
1488,郁闷1,至极,0
1489,朋友6,谨慎,1
1490,客服28,处理,0
1491,客服29,有,2
1492,人家2,有,2
1493,谁5,负责,1
1494,屏幕54,划痕,0
1495,收货2,申请,0
1496,我90,语,2
1497,死机5,次,0
1498,这17,整,2
1499,大家17,买,2
1500,问题5,多,1
1501,自己19,手机,2
1502,时京东1,告诉,1
1503,客服30,推诿,1
1504,人6,电话,1
1505,启动1,无,1
1506,自己20,快递点,2
1507,快递员3,是,1
1508,打电话5,是,1
1509,服务13,差,1
1510,京东41,说法,2
1511,态度19,处理,1
1512,电池21,撑,0
1513,头2,没有,1
1514,手机138,正常,1
1515,看1,正常,1
1516,发1,烫,1
1517,电3,耐用,0
1518,我91,是,2
1519,沟通2,费劲,1
1520,上面2,写,0
1521,检测6,说,0
1522,接口1,破损,1
1523,客服31,不理,0
1524,机器人2,回答,0
1525,京东42,购物,1
1526,我92,是,1
1527,封签1,是,1
1528,发2,烫,0
1529,服务14,劲,0
1530,质量20,差劲,0
1531,充电头6,没有,1
1532,京东43,靠谱,1
1533,买27,让,1
1534,我93,想,2
1535,我94,手机,2
1536,态度20,差,1
1537,问4,问题,1
1538,网络6,差,0
1539,识别2,延迟,1
1540,体检1,不好,0
1541,态度21,恶劣,1
1542,手机139,显示,0
1543,这18,是,2
1544,屏幕55,划痕,1
1545,大家18,官网,2
1546,联系2,说,1
1547,我95,去,2
1548,别人6,用,2
1549,手机140,成,1
1550,大家19,手机,2
1551,专员1,厉害,1
1552,大家20,买,2
1553,定位1,问题,0
1554,手机141,烫,1
1555,123,好好,1
1556,pro2,这样子,0
1557,质量21,问题,1
1558,里面5,有,0
1559,我96,手机,2
1560,噪音1,大,0
1561,这19,钱,2
1562,边框9,痕,0
1563,玻璃2,垃圾,1
1564,玻璃3,伤痕,1
1565,啥10,没有,0
1566,说法1,不一,2
1567,写1,是,1
1568,小哥3,说,1
1569,申请4,没,1
1570,星6,想,1
1571,手机142,充电头,0
1572,92991,花,0
1573,心情5,爽,0
1574,屏幕56,黄,0
1575,态度22,傲慢,0
1576,续航5,一般,1
1577,信号40,差,0
1578,大家21,买,2
1579,手机143,是,1
1580,耳机5,问题,0
1581,手机144,问题,0
1582,logo2,闪,0
1583,评分1,是,0
1584,选1,新,1
1585,价格11,差,0
1586,大家22,给,2
1587,充电9,有,0
1588,打游戏2,电,1
1589,京东44,垃圾,2
1590,差3,出现,0
1591,电池22,耐用,1
1592,待机3,耗电,1
1593,我97,买,2
1594,客服32,让,0
1595,客服33,说,0
1596,客服34,智能,0
1597,机器人3,回复,0
1598,信号41,差,0
1599,机会1,象征,1
1600,体验9,差,0
1601,大家23,苹果,2
1602,眼1,退,0
1603,京东45,建议,2
1604,你7,想,2
1605,退5,退,1
1606,客服35,让,0
1607,手机145,问题,0
1608,通话1,声音,0
1609,京东46,售,0
1610,用户2,准备,1
1611,玩5,需要,0
1612,机身2,烫,1
1613,开2,多,1
1614,跑1,问题,1
1615,体验10,差,1
1616,配送员1,随意,0
1617,现在1,时期,2
1618,无1,好事,2
1619,随意1,在,0
1620,电话1,没有,0
1621,摄像头8,背,1
1622,脸1,歪,1
1623,客服36,消费者,1
1624,京东47,消费者,1
1625,客服37,造成,1
1626,差评3,给,1
1627,服务15,添加,1
1628,价格12,一样,0
1629,充电10,方便,1
1630,手机146,好,1
1631,触屏5,好,1
1632,官网3,靠谱,0
1633,入网1,优惠,0
1634,优惠1,强迫,2
1635,京东48,强迫,2
1636,话费1,分期付款,0
1637,客服38,傲慢,0
1638,页面2,显示,0
1639,过程1,愉快,0
1640,他们3,是,2
1641,朋友7,实体店,1
1642,真3,是,2
1643,收1,快,0
1644,发货11,靠谱,0
1645,信号42,差,0
1646,手机147,游戏,1
1647,我98,问题,1
1648,x1,问题,1
1649,手机148,想,2
1650,你8,想,2
1651,打电话6,打,1
1652,店3,客,1
1653,软件2,问题,1
1654,联系3,作用,1
1655,包装15,简陋,0
1656,价值2,小,1
1657,手机149,收到,0
1658,我99,钱,2
1659,手机150,机子,1
1660,保障2,没有,1
1661,我100,自营店,2
1662,给1,简单,1
1663,保3,说,1
1664,那1,算,2
1665,我101,想,2
1666,我102,买,2
1667,这次1,难受,2
1668,手机151,现象,0
1669,底部1,现象,0
1670,我103,客服,2
1671,客服39,要求,0
1672,态度23,强硬,1
1673,小哥4,属实,1
1674,服务16,好,1
1675,怀疑4,正品,0
1676,收到3,显示,1
1677,申请5,结果,0
1678,手机152,好,0
1679,这20,手机,2
1680,我104,手机,2
1681,满意1,送,2
1682,你9,送,2
1683,啥11,没有,0
1684,产品3,没有,1
1685,手机153,机,0
1686,送4,月,1
1687,维修1,月,1
1688,体验感2,差,0
1689,上6,坑点,1
1690,手机154,后悔,2
1691,充电11,苹果,1
1692,大家24,手机,2
1693,售卖1,次品机,1
1694,新机4,发热,0
1695,客服40,沟通,0
1696,外观6,划痕,0
1697,心4,累,1
1698,认命1,钱,0
1699,失望1,顶,0
1700,设备1,故障,0
1701,渠道1,不同,1
1702,售后服务6,不同,1
1703,自己21,中奖,2
1704,卖方1,责任,0
1705,谁6,次品,2
1706,质量22,问题,1
1707,喇叭4,坏,0
1708,客服41,理人,1
1709,京东49,东西,2
1710,商品6,条款,0
1711,盒1,标,1
1712,贴1,标,1
1713,保护膜1,破损,1
1714,官方5,买,0
1715,内3,信息,1
1716,摄像头9,瑕疵,0
1717,摄像头10,跟,1
1718,客服42,问题,1
1719,告知1,问题,1
1720,开机5,叫,1
1721,苹果9,打通,0
1722,我105,联系,2
1723,我106,申请,2
1724,消费者1,无助,0
1725,这21,是,2
1726,京东50,产品,2
1727,我107,权益,2
1728,京东51,权益,2
1729,人员3,好,1
1730,质量23,吓人,0
1731,换9,是,1
1732,厂家1,说了算,2
1733,时间11,是,1
1734,我108,图,2
1735,我109,差评,1
1736,信号43,没有,1
1737,自己22,信号,2
1738,客服43,是,1
1739,规矩1,多,0
1740,服务17,差,1
1741,国人1,贱,0
1742,买28,多,1
1743,中1,对抗,2
1744,售后服务7,好,1
1745,保护6,让,1
1746,这22,是,2
1747,我110,祖国,2
1748,商家5,套餐,0
1749,消费者2,受到,0
1750,我111,给,2
1751,老子1,买,2
1752,回复4,跟,1
1753,产品4,问题,0
1754,水平2,差,1
1755,我112,是,1
1756,想3,是,1
1757,我113,申请,2
1758,京东52,同意,2
1759,侄儿1,iPad,1
1760,官网4,新,1
1761,大家25,iPhone,2
1762,能力3,天差地别,1
1763,我114,侄儿,2
1764,这23,差,1
1765,体验11,差,1
1766,我115,新机,2
1767,朋友8,买,1
1768,态度24,差,0
1769,声音9,有事儿,1
1770,整个1,问题机,0
1771,自己23,后果,2
1772,服务18,差,1
1773,开机6,现象,0
1774,返回1,说,1
1775,问题6,在,1
1776,现象2,摆,0
1777,价钱1,高,0
1778,颜色8,丑,1
1779,厂家2,退换,0
1780,颜色9,有色,2
1781,大家26,电话,2
1782,屏幕57,裂痕,1
1783,我116,用,2
1784,我117,垃圾,1
1785,手机155,爱,0
1786,我118,用,2
1787,大家27,买,2
1788,谁7,后悔,2
1789,良心1,建议,0
1790,京东53,简直,0
1791,全款1,给,1
1792,效果4,给,1
1793,台3,新,1
1794,机器5,问题,1
1795,回收价1,压倒,0
1796,京东54,滚,0
1797,尺寸1,小,0
1798,机身3,发,1
1799,触屏6,失灵,0
1800,信号44,不好,0
1801,充电12,烫,0
1802,能力4,差差差,1
1803,八千五1,寂寞,0
1804,手机156,闪屏,0
1805,我119,手机,2
1806,手机157,屏幕,0
1807,我120,接受,2
1808,自营2,牛叉,1
1809,苹果10,垃圾,0
1810,P1,用,0
1811,京东55,用户,1
1812,屏幕58,开裂,1
1813,谁8,后悔,2
1814,狗2,揍,0
1815,你们6,地狱,2
1816,电池23,耐用,0
1817,这24,电池,2
1818,用6,电池,2
1819,京东56,快递,1
1820,丢件1,电话,1
1821,买29,事情,1
1822,管理1,混乱,1
1823,那2,差评,2
1824,京东57,满意,2
1825,我121,满意,2
1826,用7,没用,0
1827,专卖店1,买,0
1828,京东58,换,0
1829,体验12,差,1
1830,京东59,买,1
1831,他们4,管,2
1832,我122,买,2
1833,我123,记住,2
1834,小子1,差意思,1
1835,体验13,差,0
1836,烫1,暖手宝,0
1837,我124,等,2
1838,手机158,不错,0
1839,江干区1,是,1
1840,京东60,给,1
1841,购买2,给,1
1842,124,相比,0
1843,屏幕59,显示,0
1844,客户2,说,1
1845,客服44,说,1
1846,屏幕60,发,0
1847,购物3,不爽,1
1848,你10,出来,2
1849,过程2,软件,1
1850,检测7,问题,1
1851,我125,会,2
1852,京东61,会,2
1853,我126,会员,2
1854,这25,差,2
1855,我127,差,2
1856,人员4,客户,1
1857,态度25,强硬,1
1858,大家28,在,2
1859,态度26,差,1
1860,我128,嘴,1
1861,京豆1,嘴,1
1862,手机159,烫,0
1863,大家29,上当,2
1864,开机7,图标,1
1865,屏幕61,问题,1
1866,显示1,问题,1
1867,序列号1,开头,0
1868,人7,知情,2
1869,界面2,显示,0
1870,公开版1,拆,0
1871,我129,买,2
1872,125,公开版,1
1873,你11,打开,2
1874,客服45,告诉,0
1875,失望2,至极,1
1876,话3,情况,1
1877,我130,说话,1
1878,8P1,用,1
1879,手机160,坏,0
1880,屏幕62,坏,0
1881,解释1,是,1
1882,路1,返回,1
1883,心5,累,0
1884,视频3,需要,1
1885,谁9,好,0
1886,信号45,好,0
1887,我131,多,1
1888,x比差1,多,1
1889,我132,拍照,2
1890,大家30,购买,2
1891,我133,退,2
1892,自己24,看,2
1893,信号46,不好,0
1894,我134,苹果,2
1895,京东62,认,0
1896,服务商1,检测,2
1897,设备2,问题,0
1898,交涉1,未果,0
1899,我135,货物,2
1900,设备3,问题,0
1901,自己25,认,2
1902,差4,差评,0
1903,人8,手机,1
1904,售后服务8,差,0
1905,太1,差,0
1906,太2,差,0
1907,领导2,出面,0
1908,快递7,慢,0
1909,p40p1,没有,1
1910,中间2,对比,2
1911,自己26,对比,2
1912,信号47,差,0
1913,充电13,异常,0
1914,返1,问题,1
1915,我136,是,2
1916,直营店1,退货,1
1917,京东63,问题,2
1918,包裹3,是,1
1919,我137,错单,2
1920,自己27,错单,2
1921,结果4,就是,0
1922,那3,拿,2
1923,照片1,亮点,0
1924,哪1,好评,1
1925,京东64,售,0
1926,深度1,质量,0
1927,高低1,不同,1
1928,加2,低,1
1929,反馈2,差,1
1930,手机161,开机,1
1931,开机8,需要,0
1932,发视频1,发,0
1933,我138,退货,2
1934,差评4,是,1
1935,客服46,说,0
1936,同事2,机器,1
1937,手机162,同事,1
1938,我139,同事,1
1939,京东65,评论,2
1940,大家31,上当,2
1941,我140,拍,2
1942,发给1,裸机,0
1943,客服47,推,0
1944,客服48,没有,0
1945,大家32,谨慎,2
1946,谁10,是,1
1947,倒霉1,是,1
1948,谁11,垃圾,1
1949,京东66,垃圾,1
1950,颜色10,不对,1
1951,E1,对比,0
1952,摄像头11,问题,0
1953,品质1,好,1
1954,手机163,让,1
1955,手机164,开机,0
1956,检测8,问题,1
1957,仓库1,货,2
1958,大家33,记住,2
1959,朋友9,耳机,0
1960,态度27,不好,1
1961,我141,手机,2
1962,我142,坑,2
1963,你12,说,2
1964,他4,抱歉,2
1965,物1,流发,0
1966,机子6,问题,0
1967,客服49,说,0
1968,回来1,不行,1
1969,谁12,愿意,2
1970,APPLE1,垃圾,1
1971,卡顿1,关机,1
1972,我143,是,1
1973,好多1,是,1
1974,手机165,bug,0
1975,手机166,开始,1
1976,方式1,行,1
1977,他们5,就是,2
1978,他们6,无所谓,0
1979,自营店2,坑,1
1980,屏幕63,划痕,0
1981,光1,明显,1
1982,屏幕64,划痕,0
1983,京东67,诉求,2
1984,心6,失尽,1
1985,新机5,到手,0
1986,屏幕65,开机,0
1987,黑屏2,开机,0
1988,这26,现象,2
1989,京东68,问题,1
1990,检测9,问题,1
1991,体验14,差,1
1992,大家34,购买,2
1993,光线1,暗,0
1994,姐妹1,打光,0
1995,屏幕66,划痕,0
1996,我144,懒得,2
1997,手机167,人,1
1998,做工1,精致,1
1999,裂缝1,纸,1
2000,商家6,说,0
2001,机子7,机,0
2002,边2,失望,1
2003,天气2,冷,0
2004,手机168,返修,1
2005,充电14,接触,1
2006,闪屏2,+,1
2007,检测10,问题,1
2008,问题7,视频,1
2009,态度28,恶劣,1
2010,这27,逻辑,2
2011,缝隙4,大,1
2012,京东69,问题,1
2013,检测11,问题,1
2014,缝隙5,问题,1
2015,性能3,没毛病,0
2016,手机169,没毛病,0
2017,公差1,大,1
2018,这28,叫,2
2019,地址1,退回,0
2020,京东70,钱,2
2021,英1,对比,0
2022,平衡1,不对,0
2023,亮度3,下,1
2024,高亮度1,上,0
2025,光2,突出,1
2026,对比度1,差,1
2027,保障3,多,0
2028,屏幕67,想象,0
2029,寸1,小,1
2030,主要1,是,1
2031,屏幕68,小,0
2032,手机170,壳,1
2033,我145,不如,2
2034,我146,小,0
2035,我147,看,2
2036,手机171,激活,1
2037,我148,信任,2
2038,京东71,手机,1
2039,速度15,慢,1
2040,态度29,差,1
2041,质量24,差,1
2042,我149,马桶,2
2043,京东72,是,2
2044,价格13,还是,1
2045,京东73,手机,2
2046,袋子1,漏气,1
2047,我150,想象,2
2048,手机172,在,0
2049,零件1,坏,1
2050,买30,知道,2
2051,谁13,知道,2
2052,京东74,表示,2
2053,坏1,坏,1
2054,这29,差,2
2055,我151,差,2
2056,订单2,订,1
2057,区别1,颜色,0
2058,logo3,闪,0
2059,客服50,告知,1
2060,公司3,问题,2
2061,这30,问题,2
2062,讽刺1,是,0
2063,台4,是,2
2064,客服51,告知,0
2065,这31,问题,2
2066,我152,要求,2
2067,公司4,问题,1
2068,我153,门店,2
2069,我154,是,2
2070,坑1,不止,2
2071,我155,问题,1
2072,问题8,问题,1
2073,信息2,是,1
2074,全程1,是,1
2075,意思1,明白,0
2076,你13,报告,2
2077,客服52,打电话,1
2078,打发1,给,1
2079,我156,倒霉,2
2080,真4,是,2
2081,问题9,是,1
2082,问题10,模糊,1
2083,摄像头12,模糊,1
2084,啥12,看不到,2
2085,手机173,可以,1
2086,我157,上班,2
2087,啥13,会,0
2088,啥14,明白,2
2089,我158,弃坑,2
2090,资金1,周转,1
2091,iPhone2,保价,1
2092,商品7,支持,1
2093,屏幕69,黑,1
2094,信号48,稳定,0
2095,商家7,退货,0
2096,售后服务9,差,1
2097,手机174,水,1
2098,续航6,水,1
2099,苹果11,兼容,0
2100,录视频1,声音,0
2101,手机175,充电,0
2102,我159,原装,0
2103,时间12,原装,0
2104,大家35,买,2
2105,谁14,上当,2
2106,信号49,不行,1
2107,信号50,就,1
2108,自己28,买,2
2109,环保1,充电器,2
2110,发3,流畅,1
2111,烫2,流畅,1
2112,入1,收手,1
2113,激活2,绿屏,1
2114,顶端2,项目,1
2115,返回建1,需要,0
2116,手机176,问题,0
2117,屏幕70,划痕,1
2118,发4,烫,1
2119,只1,是,1
2120,刷1,烫,1
2121,我160,故障机,2
2122,我161,故障机,2
2123,密码1,错误,1
2124,声音10,问题,1
2125,续航7,不行,0
2126,服务19,差,1
2127,缝隙6,大,1
2128,信任1,消磨,0
2129,歉意1,没有,1
2130,你们7,倒闭,2
2131,电池24,下,1
2132,113,差,1
2133,其次1,信号,2
2134,荣耀2,有,1
2135,官方6,指定,1
2136,告知2,过,0
2137,人员5,差,1
2138,态度30,差,1
2139,质量25,差,1
2140,视频4,变色,0
2141,发原图1,一样,0
2142,朋友10,型号,0
2143,回应1,不予,1
2144,维修2,需,0
2145,硬件1,问题,0
2146,京东75,就,0
2147,家里人1,拆,0
2148,外包装3,密封条,0
2149,货品1,到,0
2150,大家36,认清,2
2151,它1,送,2
2152,边上1,有点,1
2153,价格14,跌,0
2154,服务20,差,1
2155,卡3,收到,1
2156,时间13,掉,1
2157,其他5,好,2
2158,物流8,差,0
2159,我162,发票,2
2160,插头1,电,0
2161,活动2,减,1
2162,情1,堪,1
2163,什么5,好,1
2164,保价7,lj,1
2165,结果5,是,1
2166,摄像头13,划痕,0
2167,手机177,问题,0
2168,保价8,有,0
2169,耳机6,毛病,0
2170,话筒1,坏,0
2171,价5,保,0
2172,手机178,问题,0
2173,坑2,实惠,0
2174,报价1,有,1
2175,降价7,快,0
2176,我163,等,2
2177,你14,说,2
2178,苹果12,不行,0
2179,卖家1,说,0
2180,态度31,差,1
2181,包装16,水,1
2182,盒子1,湿,1
2183,态度32,差,1
2184,人工1,东西,1
2185,京东76,贵,0
2186,商家8,差价,0
2187,信号51,差,0
2188,续航8,不行,0
2189,手机179,重,0
2190,降价8,快,0
2191,手机180,让,1
2192,飞1,快,0
2193,我164,晕,2
2194,心情6,不好,0
2195,掉价1,快,0
2196,手机181,瑕疵,0
2197,售后服务10,不好,0
2198,优惠2,没有,0
2199,发票4,没有,0
2200,人9,理,1
2201,屁1,没,0
2202,运气3,差,0
2203,钱3,是,1
2204,其他6,好,2
2205,静音键2,松动,0
2206,静音键3,松动,0
2207,手机182,问题,0
2208,秒杀价1,伤,1
2209,我165,服,2
2210,我166,后悔,2
2211,想4,好,1
2212,大家37,买,2
2213,京粉卡1,申请,1
2214,火2,大,0
2215,血2,亏,1
2216,牙1,没有,1
2217,制度1,成熟,0
2218,商品8,有,0
2219,边框10,凹点,0
2220,你15,玩,2
2221,手机183,问题,0
2222,它2,给力,2
2223,上7,指纹,1
2224,心里5,舒服,0
2225,号1,降价,1
2226,啥15,没有,2
2227,手机膜1,没有,0
2228,手机184,价格,1
2229,价格15,坑,0
2230,客服53,问题,0
2231,价格16,跌,0
2232,信号52,不好,0
2233,大家38,买,2
2234,价格17,掉,1
2235,差价1,不理,1
2236,我167,买,2
2237,官1,机,0
2238,找1,收到,2
2239,店4,开门,1
2240,大家39,买,2
2241,大家40,买,2
2242,卡槽2,紧,0
2243,这32,毛,1
2244,玩6,毛,1
2245,商品9,破损,0
2246,态度33,恶劣,0
2247,钱4,账,1
2248,谁15,倒霉,2
2249,毛都1,看到,0
2250,的3,好,2
2251,充电器12,坏,1
2252,发票5,没有,0
2253,曾品1,没有,2
2254,态度34,不行,1
2255,我168,买,2
2256,包装17,跟,0
2257,什么6,没有,0
2258,保价9,通过,0
2259,内心1,是,0
2260,数据线6,坏,1
2261,东西7,如意,0
2262,手机套1,没有,0
2263,钢化膜1,没有,0
2264,心情7,爽,0
2265,别人7,说,2
2266,声音会1,静音,0
2267,81,有,1
2268,价保期1,过,0
2269,心情8,难受,0
2270,结果6,没有,0
2271,发票6,没有,0
2272,保护膜2,没有,1
2273,号2,降价,1
2274,摄像头14,漆,0
2275,麦克风1,杂音,0
2276,外表1,损坏,1
2277,手机185,理想,0
2278,成都1,生产,2
2279,京东77,认,0
2280,啥16,说,2
2281,保护7,还是,1
2282,我169,是,2
2283,跟进度1,慢,0
2284,原价1,买,0
2285,信号53,差,0
2286,网2,上,0
2287,摄像头15,灰,0
2288,侧面2,划痕,1
2289,id1,可用,1
2290,我170,想,2
2291,我171,是,2
2292,保价10,退,0
2293,服务21,差,0
2294,手机186,电话,0
2295,谁16,后悔,2
2296,心里6,舒服,0
2297,心里7,高兴,0
2298,京东78,价,0
2299,我172,买,2
2300,里3,灰尘,1
2301,膜2,送,0
2302,电信卡1,给,1
2303,价格18,掉,0
2304,质量26,不好,1
2305,信号54,差,1
2306,扬声器1,问题,0
2307,价格19,掉,0
2308,客服54,给,0
2309,店5,配件,1
2310,手机187,用,0
2311,京东79,是,1
2312,买31,是,1
2313,大家41,买,2
2314,京东80,地道,0
2315,边缘2,泛蓝,1
2316,我173,退货,2
2317,找2,理人,2
2318,客服55,问题,1
2319,我174,公开版,1
2320,要1,公开版,1
2321,发货12,移动版,0
2322,还价1,保,0
2323,会员1,如此,1
2324,保价11,通过,0
2325,降价9,快,0
2326,掉价2,快,1
2327,我175,问题,2
2328,我176,开心,2
2329,卡4,没有,1
2330,客服56,不理人,0
2331,自己29,看,2
2332,信号55,不好,0
2333,包装18,不行,0
2334,我177,是,2
2335,品控4,差,0
2336,态度35,差,1
2337,里4,灰,1
2338,商家9,信誉,0
2339,信号56,差,0
2340,降价10,降,0
2341,包装19,走心,0
2342,处理器1,不行,0
2343,降价11,确实,1
2344,手机188,问题,0
2345,方式2,不好,1
2346,手机189,总是,0
2347,价格20,高,1
2348,信号57,烂,0
2349,买者1,慎重,0
2350,质量27,问题,1
2351,客服57,退款,0
2352,苹果13,保值,0
2353,我178,呵呵,2
2354,物流9,可以,0
2355,贼1,快,1
2356,这33,质量,2
2357,买32,优惠,1
2358,信号58,稳定,0
2359,速度16,没,1
2360,口碑1,没,0
2361,买33,降价,1
2362,手机190,不错,0
2363,你16,玩,2
2364,旗舰店1,降,1
2365,电话2,好,0
2366,拍2,闪,1
2367,眼睛1,闪,0
2368,屏幕71,划痕,0
2369,机身4,烫,0
2370,京东81,售,0
2371,生意1,好,0
2372,京东82,不错,0
2373,星7,是,1
2374,读卡1,失败,1
2375,大家42,买,2
2376,客服58,退货,1
2377,日期1,是,1
2378,雾1,蒙蒙,1
2379,喝1,没有,1
2380,手机191,问题,0
2381,手机192,杂音,0
2382,性价比5,可以,0
2383,客服59,问题,1
2384,系统6,问题,0
2385,死1,多,0
2386,质保1,结束,1
2387,头3,顶,0
2388,激活3,账号,0
2389,退换1,麻烦,2
2390,心7,塞,0
2391,iPhone3,用,0
2392,啥17,没有,0
2393,时间14,一样,1
2394,边框11,有,1
2395,这34,新机,2
2396,听筒6,问题,0
2397,专卖店2,出具,0
2398,开始1,问题,1
2399,60001,手机,1
2400,手机193,问题,1
2401,手机194,发,1
2402,手机195,发热,0
2403,续航9,尴尬,0
2404,这块2,差,2
2405,机器6,闪屏,1
2406,别人8,退货,2
2407,我179,是,2
2408,商家10,联系,0
2409,配件3,没有,1
2410,其他7,好,2
2411,+音量键1,弹性,0
2412,大家43,买,2
2413,上8,不行,0
2414,质量28,不行,0
2415,质量29,不好,1
2416,手机196,说明书,0
2417,你17,问,2
2418,里5,充电器头,1
2419,系统7,问题,1
2420,反应9,慢,0
2421,会4,报警,0
2422,网络7,差,0
2423,后悔1,不如,1
2424,使用3,热,1
2425,视频5,通话,0
2426,信号差3,死,1
2427,手机197,信号,1
2428,发票7,没有,0
2429,客服60,没有,1
2430,买34,问题,1
2431,基带1,问题,0
2432,手机198,烫,1
2433,那种1,知道,1
2434,物流10,家,2
2435,谁17,家,2
2436,屏幕72,状态,1
2437,颜色11,不对,1
2438,打开4,一样,1
2439,屏幕73,问题,0
2440,屏幕74,绿,0
2441,手机199,点,0
2442,屏幕75,点,0
2443,我180,显示,2
2444,感觉7,是,1
2445,我181,裂,2
2446,位置1,痕迹,1
2447,屏幕76,发,1
2448,购买3,开心,1
2449,出现1,是,0
2450,自己30,小便宜,2
2451,自营3,购买,1
2452,手机200,手机,1
2453,开机9,闪,0
2454,申请6,售,0
2455,设备4,正常,0
2456,原因4,清楚,1
2457,京东83,满意,2
2458,忒么1,耳机,1
2459,我182,去,2
2460,这35,减配,2
2461,屏幕77,点,0
2462,玩7,灵敏,1
2463,京东84,账户,0
2464,发货13,慢,0
2465,降价12,下架,1
2466,商品10,问题,0
2467,谁18,倒霉,2
2468,自己31,品,2
2469,背后1,瑕疵,0
2470,京东85,靠谱,0
2471,服务22,不好,0
2472,信号59,差,1
2473,wifi1,卡,0
2474,客服61,有限,0
2475,数量1,有限,0
2476,骗1,行,1
2477,太3,后悔,2
2478,活动3,假,0
2479,京东86,拒绝,2
2480,手机201,差,0
2481,慎重1,慎重,0
2482,机器7,售后机,0
2483,日期2,显示,1
2484,客服62,没有,1
2485,手机202,充电头,1
2486,那4,要,2
2487,声音11,坏,1
2488,手感6,差,0
2489,苹果121,轻,0
2490,手感7,差,0
2491,屏幕78,黄,0
2492,京东87,变,0
2493,126,黄屏,1
2494,噪音2,大,1
2495,啥18,没有,0
2496,贼慢28号1,货,1
2497,序列号2,开头,0
2498,唤醒1,鬼,1
2499,保护8,没用,1
2500,规则1,有意思,1
2501,手机套2,没有,1
2502,星8,懒得,1
2503,你18,手机,2
2504,我183,要,2
2505,下单2,到,1
2506,麦克风2,坏,0
2507,客服63,说,0
2508,券1,买,1
2509,运气4,不行,0
2510,显示2,好,1
2511,眼2,痛,2
2512,体验15,差,1
2513,店铺1,便宜,1
2514,做3,便宜,1
2515,产品5,下架,1
2516,玩8,发热,0
2517,名额1,有限,0
2518,广告1,挂,1
2519,会员2,客服,1
2520,按钮1,弹力,1
2521,屏幕79,脆弱,0
2522,小伙伴2,三思,1
2523,京东88,失望,1
2524,质量30,差,0
2525,我184,机器,1
2526,买35,机器,1
2527,服务23,差,0
2528,大家44,上当,2
2529,星9,想,1
2530,我185,情况,2
2531,她2,选择,2
2532,你19,选择,2
2533,号码1,黑,0
2534,客服64,啰哩啰嗦,0
2535,你20,等,2
2536,客服65,跟,1
2537,张口闭口1,问题,1
2538,质量31,问题,1
2539,你们8,方案,2
2540,手机203,小时,0
2541,人家3,问题,1
2542,检测12,问题,1
2543,我186,问题,1
2544,机子8,问题,1
2545,你21,退,2
2546,你22,退,2
2547,别人9,听,2
2548,声音12,杂,0
2549,手机204,瑕疵,0
2550,手机205,坏,0
2551,他5,打电话,2
2552,我187,相信,2
2553,京东89,差,0
2554,绿2,匀称,1
2555,自己32,图,2
2556,拿1,是,1
2557,给2,卡,1
2558,耳机7,连,1
2559,退6,是,1
2560,机器8,真假,0
2561,费券1,是,1
2562,你23,问,2
2563,京东90,失望,0
2564,科技1,充电宝,1
2565,手机206,到,0
2566,官方7,敷衍,0
2567,手机207,用,0
2568,通话2,故障,1
2569,手机208,难用,0
2570,手机209,声音,0
2571,结果7,如何,1
2572,我188,追评,2
2573,大家45,小心,2
2574,京东91,买,1
2575,方法1,没有,1
2576,服务24,好,1
2577,品质2,是,2
2578,那5,是,2
2579,大家46,小心,2
2580,工资1,辛苦钱,1
2581,那6,辛苦钱,1
2582,发热7,厉害,0
2583,针1,锋利,1
2584,屏幕80,显示,1
2585,网络8,显示,1
2586,手机210,问题,1
2587,心里8,膈应,0
2588,机器9,问题,0
2589,商品11,客服,0
2590,事2,归,1
2591,应用1,出现,1
2592,买36,感觉,1
2593,我189,买,2
2594,手机211,花屏,0
2595,方案1,差,1
2596,他们7,是,1
2597,问题11,多,0
2598,信号60,差,0
2599,客服66,上班,1
2600,我190,翻新机,1
2601,买37,翻新机,1
2602,手机212,发,0
2603,钱5,玩意儿,1
2604,心里9,舒服,1
2605,换10,发烫,1
2606,六七千1,玩意,0
2607,我191,愿意,2
2608,黑屏3,坏,1
2609,态度36,恶劣,1
2610,维修3,抹,2
2611,机器10,划伤,0
2612,底部2,小点点,1
2613,态度37,恶劣,1
2614,退货5,是,0
2615,我192,机器,2
2616,大家47,买,2
2617,态度38,恶劣,0
2618,绿屏2,严重,0
2619,保修1,难受,0
2620,激活4,难受,0
2621,绿屏3,难受,0
2622,检测13,是,0
2623,我193,打算,2
2624,退7,给,2
2625,我194,觉得,2
2626,京东92,买,2
2627,客服67,解决,0
2628,半星1,想,1
2629,毛病2,断,1
2630,我195,是,2
2631,弟1,买,1
2632,我196,去,2
2633,啥19,是,1
2634,手机213,烫,0
2635,容量2,问题,1
2636,时间15,问题,1
2637,问题12,是,0
2638,过程3,时间,0
2639,客服68,说,0
2640,这36,是,2
2641,电池25,给力,0
2642,8P2,好用,1
2643,我197,电池,2
2644,127,强,1
2645,抗1,强,1
2646,肠子1,悔青,0
2647,我198,敢,2
2648,我199,说,2
2649,闪1,退,0
2650,客户3,联系,1
2651,哈1,大,0
2652,数据线7,无缘无故,1
2653,心态3,崩,0
2654,包装20,破损,0
2655,返还1,给,1
2656,钱6,少,0
2657,店家1,说法,1
2658,我200,理解,2
2659,店家2,默不作声,1
2660,我201,客服,2
2661,快递8,差,0
2662,我202,是,2
2663,送货员1,接,1
2664,这37,是,1
2665,歉意2,没有,1
2666,打3,会,1
2667,外观7,丑,0
2668,人10,苹果,1
2669,商家11,说,0
2670,说2,是,1
2671,我203,好奇,2
2672,手机214,是,2
2673,配送1,是,0
2674,态度39,不好,1
2675,客服69,让,0
2676,我204,买,2
2677,我205,买,2
2678,我206,二手机,2
2679,谁19,配件,2
2680,你们9,配件,2
2681,星10,最低,1
2682,星11,还行,1
2683,配送2,还行,1
2684,商家12,不,1
2685,打电话7,不,1
2686,人工2,说,2
2687,打电话8,是,1
2688,打电话9,问题,0
2689,手机215,问题,0
2690,店6,靠谱,1
2691,我207,疯,2
2692,你24,欺人太甚,2
2693,标贴1,平整,1
2694,机器11,划痕,0
2695,态度40,舒服,1
2696,处理1,要,1
2697,体验16,差,0
2698,手机216,差,1
2699,能力5,差,1
2700,玩9,就是,1
2701,用8,电,1
2702,电池26,问题,0
2703,他们8,权威,1
2704,检测14,权威,1
2705,大家48,看看,2
2706,批1,视频,1
2707,视频6,卡,0
2708,手机217,知道,0
2709,水1,深,1
2710,时间16,为,1
2711,到期日1,是,1
2712,我208,货,2
2713,查询1,有人,1
2714,富士康1,产,1
2715,客服70,让,0
2716,保修2,到期日,1
2717,屏幕81,黄,1
2718,心8,侥幸,1
2719,快递9,送,1
2720,右上角1,坑,0
2721,损伤1,列,1
2722,损伤2,列,1
2723,我们2,签收,2
2724,封1,好,1
2725,屏幕82,斑,0
2726,我209,拍,2
2727,摄像头16,灰尘,0
2728,我210,晃,2
2729,便宜1,换,2
2730,别人10,换,2
2731,店7,没有,1
2732,水2,深,0
2733,信号61,稳定,0
2734,手机218,卡顿,0
2735,结果8,是,1
2736,我211,果粉,2
2737,老婆1,想,1
2738,输入法1,恶心,2
2739,我212,恶心,2
2740,软件3,没有,1
2741,环境1,街,1
2742,老婆2,用,1
2743,人11,说,1
2744,苹果14,用,1
2745,我213,换,2
2746,大多数1,苹果,0
2747,谁20,卡,2
2748,我214,购买,2
2749,日期3,是,1
2750,亮度4,调,1
2751,我215,对比,2
2752,我216,翻新机,2
2753,我217,翻新机,2
2754,厂家3,给,2
2755,下面1,裂痕,1
2756,裂痕1,清楚,2
2757,我218,清楚,2
2758,我219,肯定,2
2759,机子9,问题,1
2760,大家49,购机,2
2761,功能6,问题,1
2762,声音13,小,0
2763,我220,格局,2
2764,大家50,购机谨慎,2
2765,玻璃4,划痕,1
2766,我221,弄,2
2767,地方1,桌面,1
2768,我222,放,2
2769,物流11,糟糕,0
2770,直营店2,货,1
2771,我223,退,2
2772,直营店3,货,0
2773,体验17,糟糕,1
2774,我224,怀疑,2
2775,实体店2,是,1
2776,iOS1,复杂,1
2777,我225,华,2
2778,安卓机1,有,1
2779,苹果15,领先,1
2780,使用4,差,1
2781,别的4,不说,2
2782,全面屏1,滑,1
2783,操作3,可能,1
2784,老婆3,手机,2
2785,老婆4,喜欢,1
2786,开封2,支持,2
2787,我226,知道,2
2788,人12,会,1
2789,我227,产品,2
2790,我228,产品,2
2791,这38,苹果,2
2792,体验感3,差,0
2793,流量1,慢,1
2794,下载1,慢,1
2795,网络9,问题,0
2796,买38,显示,1
2797,没有2,麻烦,2
2798,人脸1,解锁,0
2799,问题13,多,1
2800,体验感4,差,0
2801,手机219,是,1
2802,显示3,是,1
2803,朋友11,正常,1
2804,激活5,正常,1
2805,客服71,让,0
2806,问题14,问,1
2807,烦2,烦,0
2808,耗电11,快,0
2809,反应10,慢,0
2810,流畅度1,顺畅,1
2811,应用2,科学,1
2812,设计1,合理,1
2813,这39,产品,2
2814,用9,好,1
2815,体验18,差,1
2816,图标1,显示,1
2817,按钮2,是,1
2818,图标2,亮,1
2819,包装21,新,0
2820,方方面面1,好,1
2821,我229,知道,2
2822,手机220,是,1
2823,卡5,是,1
2824,我230,是,2
2825,京东93,整笑,2
2826,你们10,问题,1
2827,硬件2,问题,1
2828,卡屏卡1,到,0
2829,卡顿2,次,1
2830,官方8,自营,0
2831,手机221,到货,0
2832,速度17,快,1
2833,包装22,简陋,1
2834,手机222,跟,1
2835,充电线2,不知,0
2836,USB1,插,0
2837,信号62,塌糊涂,0
2838,切换1,连,1
2839,体验19,没有,2
2840,选择2,是,1
2841,环节1,做,1
2842,体验20,不好,0
2843,开3,开机,1
2844,手机223,手,1
2845,店8,欺客,0
2846,包装23,旧,0
2847,屏幕83,黄,0
2848,家里人2,接受,0
2849,你25,客服,2
2850,写2,是,1
2851,机子10,出现,0
2852,听1,发,2
2853,别人11,发,2
2854,刷2,咔咔,0
2855,声音14,咔咔,0
2856,搞1,差,2
2857,质量32,差,2
2858,好评1,来,1
2859,电池27,不行,0
2860,电池28,差,0
2861,我231,6sp,2
2862,8p1,是,0
2863,128,差劲,1
2864,大家51,购买,2
2865,充电15,不行,0
2866,锁屏键2,好,0
2867,屏幕84,灵敏,0
2868,服务25,差,0
2869,我232,赠品,2
2870,给3,库存机,2
2871,大家52,买,2
2872,屏幕85,凹凸点,0
2873,手机224,毛病,0
2874,我233,玩,2
2875,手机225,到手,0
2876,东西8,可以,0
2877,服务26,不行,1
2878,苹果16,还是,0
2879,信号63,不好,0
2880,屏幕86,划痕,0
2881,中心1,说,1
2882,反应11,慢,1
2883,苹果17,保值,0
2884,发5,严重,0
2885,图片2,烂,0
2886,苹果18,得劲,0
2887,产品6,问题,0
2888,产品7,还是,1
2889,手机226,电,0
2890,这40,是,1
2891,大家53,买,2
2892,价保1,摆设,0
2893,感觉8,翻新机,0
2894,我234,申请,2
2895,外包装4,划痕,0
2896,手机227,胶,0
2897,那里1,坏,2
2898,钢化膜2,没有,1
2899,听筒7,杂音,0
2900,赠品5,价值,0
2901,卡6,不行,1
2902,手机228,烫,1
2903,电池29,烫,1
2904,你们11,购买,2
2905,月4,到,1
2906,钱7,钱,0
2907,屏幕87,凹凸点,0
2908,买39,屏幕,2
2909,运气5,背,1
2910,相册1,不好,0
2911,手机229,问题,0
2912,相机2,坏,0
2913,标的1,价格,0
2914,我235,是,2
2915,外包装5,包装,0
2916,良心2,痛,1
2917,亮度5,一致,1
2918,听筒8,不好,1
2919,里6,灰,1
2920,F21,开头,1
2921,信号64,不好,0
2922,价格21,掉,0
2923,手机230,司机,0
2924,手机231,坏,0
2925,通话3,电流声,0
2926,上方1,裂痕,0
2927,喇叭5,杂音,0
2928,边框12,划痕,0
2929,手机232,月,0
2930,手机233,可以,0
2931,这个5,手机,2
2932,我236,店,2
2933,这41,店,2
2934,双111,买,0
2935,双112,套路,0
2936,手2,激活,1
2937,屏幕88,失灵,0
2938,屏幕89,无,1
2939,电池30,耗电,0
2940,边框13,伤痕,0
2941,听筒9,坏,0
2942,保修期2,过,0
2943,东西9,好,0
2944,激活6,到,0
2945,手机234,热,0
2946,针2,没有,1
2947,老子卡1,知道,0
2948,息屏感1,问題,1
2949,产品8,差,1
2950,手机235,可以,0
2951,面板1,划痕,1
2952,时候1,减,1
2953,我237,是,2
2954,距1,只,1
2955,价格22,变,0
2956,双十一7,贵,0
2957,自己33,看图,2
2958,后面1,阴影,1
2959,我238,去,2
2960,耳机8,是,0
2961,102,激活,1
2962,保修3,到,1
2963,我239,开始,2
2964,客服72,理人,0
2965,6183,是,1
2966,同1,是,1
2967,理由3,是,0
2968,赠品6,是,0
2969,手机236,没毛病,0
2970,里面6,杂物,1
2971,朋友12,买,1
2972,我240,卖,2
2973,我241,吐,2
2974,屏幕90,灵敏,0
2975,灵敏度1,差,0
2976,我242,拍,1
2977,买40,拍,1
2978,号3,买,1
2979,买41,后悔,0
2980,双十一8,降,0
2981,手机237,行,0
2982,联网1,流畅,0
2983,信号65,差,0
2984,手机238,烫,0
2985,买42,考虑,1
2986,掉价3,快,0
2987,真5,衰,0
2988,处3,有,1
2989,心情9,不好,0
2990,空间1,少,1
2991,信息3,差,0
2992,信号66,差,0
2993,信号67,差,0
2994,这42,手机,2
2995,你26,怎样,0
2996,我243,服,2
2997,保障4,没有,1
2998,屏幕91,失灵,0
2999,包装24,塑料模,1
3000,手机239,热,1
3001,充电16,热,1
3002,中2,连接线,1
3003,手机240,烫,0
3004,app2,卡,0
3005,啥20,是,0
3006,话筒2,杂音,0
3007,东西10,好,0
3008,保护9,有,1
3009,nb1,购物车,1
3010,人13,用,1
3011,你们12,思,2
3012,机器12,坏,0
3013,机器13,坏,1
3014,手机241,问题,0
3015,大家54,眼睛,2
3016,手机242,死机,0
3017,大家55,买,2
3018,人14,懂,1
3019,手机243,手机,0
3020,这43,降价,2
3021,评价2,低,1
3022,手机244,散热,0
3023,一切1,合格,1
3024,检测15,合格,1
3025,退8,退,1
3026,手机245,信息,1
3027,手机246,没,0
3028,荣耀3,闪退,1
3029,网络10,问题,1
3030,信号68,稳定,0
3031,情况3,烫,1
3032,卡7,死,0
3033,价格23,下降,0
3034,时间17,降价,1
3035,机器14,发热,0
3036,亲们2,等到,1
3037,我244,心情,2
3038,时间18,过,0
3039,客服73,让,0
3040,我245,用,2
3041,我246,想,2
3042,手机247,烫,0
3043,摄像头17,灰,0
3044,里面7,白点,1
3045,体验21,差,0
3046,自己34,购买,2
3047,答应2,做到,0
3048,手机248,没用,0
3049,态度41,生气,0
3050,京东94,说法,2
3051,我247,记住,2
3052,信号69,差,0
3053,玩10,卡,1
3054,角1,碰,1
3055,玩11,手,1
3056,体验22,差,0
3057,客户4,说,0
3058,结果9,说说,0
3059,速度18,慢,1
3060,打电话10,闪断,1
3061,性能4,短,1
3062,时间19,短,1
3063,缝1,没有,1
3064,保价期1,短,0
3065,拍照8,买,1
3066,朋友13,买,1
3067,这44,黑,1
3068,手机249,关机,0
3069,信号70,慢,1
3070,网速2,慢,1
3071,活动4,满,1
3072,保价12,用,1
3073,一万1,问题,1
3074,质量33,问题,1
3075,触摸屏3,出现,0
3076,耍1,卡,1
3077,我248,买,2
3078,资格1,买,2
3079,摄像头18,灰尘,0
3080,国产1,灰,0
3081,摄像头19,灰,0
3082,电池31,原装,0
3083,充电17,少,0
3084,我249,说,2
3085,手机250,出现,1
3086,声音15,小,0
3087,京东95,咋滴,1
3088,质量34,咋滴,1
3089,换11,清楚,1
3090,充电18,有,0
3091,队友1,大,1
3092,噪音3,大,1
3093,手机251,机,1
3094,质量35,问题,0
3095,京东96,可以,1
3096,手机252,给,1
3097,说3,问题,0
3098,朋友14,动,1
3099,手机253,坏,1
3100,数据线8,坏,1
3101,拆封3,小时,1
3102,系统8,稳定,0
3103,外观8,不错,1
3104,网络11,不好,0
3105,副卡1,无,0
3106,意义1,何在,1
3107,我250,好怕,2
3108,双十一9,没,1
3109,买43,没,1
3110,传感器1,问题,1
3111,打电话11,黑屏,1
3112,续航10,一般,1
3113,外观9,瑕疵,0
3114,屏幕92,凹凸点,0
3115,买44,屏幕,2
3116,官网5,裂纹,0
3117,京东97,裂纹,0
3118,日期4,库存机,1
3119,配送3,时间,0
3120,边框14,划痕,0
3121,官网6,信息,1
3122,92992,买,0
3123,logo4,闪,1
3124,开机10,麻烦,0
3125,年货节1,便宜,1
3126,手机254,用,0
3127,8p2,跟,1
3128,max1,问题,0
3129,心9,烦,1
3130,手机255,问题,0
3131,时间20,慢,1
3132,体验23,差,1
3133,谁21,上当,2
3134,外观10,划痕,0
3135,手3,不行,1
3136,自己35,看,2
3137,费券2,账,1
3138,中途1,联系,0
3139,客服74,跟着,0
3140,海蓝1,降价,1
3141,客服75,推三阻四,0
3142,屏幕93,划痕,0
3143,京东98,黑,2
3144,本金1,慢,1
3145,速度19,慢,1
3146,客服76,回复,0
3147,品控5,差,1
3148,概率1,高,1
3149,保险点1,是,0
3150,店9,如此,1
3151,平台3,打擦边球,1
3152,颜色12,做,0
3153,银色2,做,0
3154,蓝色2,做,0
3155,让1,理由,1
3156,解释权1,归,1
3157,店10,欺客,0
3158,这45,遇到,2
3159,我251,遇到,2
3160,态度42,差,1
3161,客服77,拉,0
3162,赠品7,电话卡,1
3163,新疆1,3G,0
3164,发6,烫,0
3165,打游戏3,严重,1
3166,卡顿3,严重,1
3167,我252,服,2
3168,这46,破,2
3169,消费券1,时间,1
3170,谁22,知道,2
3171,谁23,是,2
3172,logo5,故障,1
3173,商家13,没有,1
3174,清单1,没有,0
3175,这47,是,2
3176,天3,不灵,1
3177,我253,奉劝,2
3178,京东99,是,0
3179,上9,灰尘,1
3180,注意1,是,0
3181,负责任感1,良心,1
3182,你27,感觉,2
3183,你28,感觉,2
3184,你29,接受,2
3185,平台4,投诉,1
3186,费券3,账,1
3187,中途2,联系,0
3188,客服78,跟着,0
3189,焦急1,等,2
3190,结果10,出现,0
3191,返回键1,失灵,0
3192,花屏2,连续,0
3193,结束1,有,0
3194,我254,反应,2
3195,智能机1,发热,1
3196,我255,授权店,2
3197,原机1,退回,1
3198,授权点1,说,1
3199,自营店3,说,2
3200,我256,指定,2
3201,你们13,指定,2
3202,自营店4,让,2
3203,苹果19,让,0
3204,人员6,要,1
3205,我257,要求,2
3206,客服79,电话,1
3207,我258,买,2
3208,我259,接受,2
3209,苹果20,告知,0
3210,直营店4,购买,1
3211,差评5,给,1
3212,心10,寒,1
3213,质量36,问题,1
3214,催1,解决,1
3215,触屏7,灵敏,0
3216,态度43,问题,1
3217,质量37,劣质,0
3218,质量38,劣质,1
3219,机子11,好,0
3220,大家56,买,2
3221,服务27,不好,0
3222,产品9,问题,0
3223,态度44,不好,1
3224,质量39,问题,1
3225,手机256,瑕疵,0
3226,新手机1,出现,0
3227,买45,是,2
3228,手机257,好,0
3229,客服80,问题,1
3230,客服81,问题,0
3231,感觉9,价钱,0
3232,效果5,一般,1
3233,像素1,差不多,0
3234,我260,要,2
3235,感觉10,差,0
3236,手机258,正品,0
3237,背面1,灰尘,1
3238,正面1,痕迹,0
3239,手机259,怎么样,0
3240,店11,没有,1
3241,我261,感觉,2
3242,者1,绕行,2
3243,手机260,用,0
3244,买46,瑕疵机,1
3245,客服82,问问,1
3246,店12,整,1
3247,机器人4,发,0
3248,自己人1,穷,2
3249,机子12,行,0
3250,手感8,x,0
3251,大家57,来,2
3252,手机261,垃圾,0
3253,其他8,想,2
3254,手4,机气,0
3255,服务28,劲,0
3256,客服83,是,0
3257,态度45,不好,0
3258,发货14,慢,0
3259,太4,差,0
3260,颜色13,一样,0
3261,这48,商家,2
3262,态度46,差,1
3263,平台5,货,1
3264,双121,搞,1
3265,态度47,差,1
3266,头子1,坏,1
3267,我262,耐心,2
3268,买47,懒得,1
3269,发配件1,等,0
3270,机子13,一般,0
3271,麦克风3,问题,0
3272,我263,差,2
3273,视频7,手机,1
3274,谁24,知道,2
3275,信誉1,差,1
3276,时间21,慢,1
3277,配件4,不行,0
3278,包装25,有,0
3279,客服84,敷衍,0
3280,体验24,差,1
3281,客服85,说话,2
3282,总结1,不好,1
3283,态度48,不好,1
3284,态度49,差,1
3285,快递员4,一样,1
3286,手机262,掉,0
3287,快递员5,骗人,0
3288,速度20,慢,0
3289,我264,真是,2
3290,我265,服,2
3291,干1,慢,1
3292,我266,时代,2
3293,我267,时代,2
3294,店家3,慢,1
3295,发货15,慢,1
3296,快递10,礼拜,0
3297,态度50,恶劣,1
3298,这49,是,2
3299,专票1,要,1
3300,信誉度1,低,0
3301,发货16,慢,0
3302,商品12,瑕疵,0
3303,外包装6,破损,0
3304,配件5,次品,0
3305,态度51,差,1
3306,页面3,赠品,0
3307,谁25,后悔,2
3308,储电量1,不行,0
3309,客服86,不行,0
3310,态度52,差,1
3311,手机263,问题,0
3312,时间22,短,1
3313,屏幕94,划痕,0
3314,电话3,无,0
3315,自己36,问题,2
3316,商品13,说,2
3317,商家14,说,2
3318,自己37,说,2
3319,密码2,不对,1
3320,我们3,拿,2
3321,专卖店3,发票,0
3322,这边1,申请,2
3323,哪2,差评,2
3324,屏幕95,闪,1
3325,盒子2,没有,1
3326,手机264,鼓包,0
3327,包装袋1,鼓包,0
3328,充满1,小时,1
3329,送达2,快,1
3330,赠品8,慢,1
3331,速度21,慢,1
3332,照片2,购买,2
3333,自己38,购买,2
3334,我268,订单,2
3335,货物1,到,0
3336,物流12,发货,1
3337,我269,等,0
3338,我270,拒收,2
3339,关键2,是,0
3340,钱8,单,2
3341,我271,单,2
3342,订单3,退,1
3343,下1,到,1
3344,啥21,没有,1
3345,买48,是,2
3346,下单3,配,2
3347,我272,配,2
3348,发货17,慢,0
3349,态度53,差,1
3350,大家58,手机,2
3351,要2,行,1
3352,我273,问,2
3353,商家15,让,2
3354,商家16,退,1
3355,商家17,诚信,0
3356,大家59,事,2
3357,背板1,灰尘,0
3358,感觉11,是,0
3359,态度54,差,0
3360,本身3,手机,0
3361,手机265,手机,0
3362,裸机1,到,0
3363,赠品9,压,1
3364,包含1,压,1
3365,手机266,发,2
3366,这50,发,2
3367,电4,发,2
3368,客服87,敷衍,1
3369,答复1,敷衍,1
3370,我274,钱,2
3371,评论1,是,0
3372,这51,店铺,2
3373,我275,问题,0
3374,手机267,问题,0
3375,大家60,买,2
3376,我276,买,2
3377,手机268,黑屏,2
3378,自己39,黑屏,2
3379,自己40,打开,2
3380,感觉12,上当,0
3381,电量8,低,0
3382,充满2,耗,1
3383,手机269,发烫,0
3384,手机270,充电,0
3385,来回1,话题,2
3386,我277,心情,2
3387,一点1,考虑,1
3388,我278,倒霉,2
3389,视频8,证,0
3390,我279,差,1
3391,物流13,差,1
3392,我280,买,2
3393,我281,等,2
3394,我282,打电话,2
3395,信息4,是,1
3396,我283,等,2
3397,我284,电话,2
3398,我285,等,2
3399,这52,是,2
3400,手机271,好,1
3401,给4,态度,1
3402,我286,是,2
3403,我287,选,1
3404,页面4,显示,1
3405,用户3,配送,1
3406,京东100,配送,1
3407,我288,问,1
3408,客服88,问,1
3409,上海1,想,2
3410,顺丰1,当,1
3411,号4,发货,2
3412,卖家2,发货,2
3413,发货18,是,1
3414,我289,呵呵,2
3415,页面5,假,1
3416,时间23,假,1
3417,送5,显示,1
3418,付1,显示,1
3419,我290,告诉,1
3420,客服89,告诉,1
3421,我291,希望,2
3422,里7,说,1
3423,服务29,字,0
3424,卖家3,东西,0
3425,服务30,不好,1
3426,你30,手机,2
3427,你31,买,2
3428,你32,是,2
3429,手机272,坏,0
3430,我292,说,0
3431,舒服1,态度,1
3432,答复2,是,1
3433,自己41,催,2
3434,吐槽1,态度,1
3435,催促1,是,1
3436,客服90,介入,1
3437,货3,到,1
3438,你家1,真是,1
3439,买49,真是,1
3440,售后服务11,差劲,0
3441,自己42,问题,1
3442,硬件3,问题,1
3443,配件6,差劲,1
3444,钢化膜3,不错,0
3445,手机273,一般般,0
3446,电池32,耐用,0
3447,信号71,不好,0
3448,那些1,没有,1
3449,态度55,差,1
3450,感觉13,店,0
3451,大家61,买,2
3452,手机274,回来,0
3453,屏幕96,闪退,0
3454,回2,没法,1
3455,强制2,没法,1
3456,页面6,闪退,1
3457,客服91,上班,0
3458,客服92,上班,0
3459,手机275,闪,0
3460,客服93,让,0
3461,自己43,去,2
3462,我293,选择,2
3463,卡8,死,1
3464,客服94,说,0
3465,我294,说,2
3466,话4,应付,1
3467,充电器13,没,1
3468,耳机9,没,0
3469,客服95,说,0
3470,客服96,横,2
3471,他6,横,2
3472,服务31,差,1
3473,手机276,到,0
3474,自己44,邮费,2
3475,打4,有,1
3476,买50,价格,1
3477,发货19,慢,0
3478,态度56,差,0
3479,包装26,差,1
3480,塑料纸1,开,1
3481,手机277,是,0
3482,我295,手机,2
3483,充电器14,简直,1
3484,人15,是,1
3485,人16,思,1
3486,机子14,好,0
3487,背板2,灰尘,0
3488,感觉14,是,0
3489,态度57,差,0
3490,充电器15,没有,0
3491,电池33,耐用,0
3492,蓝牙4,遥控,1
3493,log1,闪,0
3494,拿2,机,1
3495,我296,想,2
3496,手机278,热,0
3497,充电19,热,0
3498,我297,买,2
3499,手机279,发热,0
3500,电脑1,不足,1
3501,显1,不足,1
3502,我298,去,2
3503,人家4,系统,2
3504,人员7,告诉,1
3505,返2,没用,1
3506,朋友15,买,1
3507,我299,怀疑,2
3508,京东101,猫腻,1
3509,渠道2,猫腻,1
3510,钱9,小事,0
3511,我300,选择,2
3512,京东102,残次品,2
3513,价钱2,贵,0
3514,用10,是,0
3515,信号72,差,0
3516,我301,勒,2
3517,手机280,不好,0
3518,问题15,多,0
3519,感觉15,像,0
3520,售后服务12,差,1
3521,边框15,有,1
3522,反应12,慢,0
3523,大家62,入,2
3524,买51,注意,1
3525,手机281,不好,0
3526,触摸2,不行,0
3527,谁26,后悔,2
3528,我302,开心,2
3529,电池34,撑,0
3530,系统9,崩溃,0
3531,我303,怀疑,2
3532,打开5,划痕,1
3533,买52,黑色,0
3534,收到4,蓝色,1
3535,尺寸2,买,0
3536,京东103,行,0
3537,屏幕97,失灵,0
3538,解锁1,开,0
3539,我304,东西,2
3540,其他9,好,2
3541,白色1,白,1
3542,己2,关闭,2
3543,买53,建议,0
3544,无2,噱头,1
3545,屏幕98,问题,0
3546,音量1,放,1
3547,其他10,好,2
3548,手机282,充电,0
3549,亮度6,下降,1
3550,激活7,让,2
3551,包1,让,1
3552,谁27,惯,2
3553,苹果21,充电器,0
3554,铃声1,声音,1
3555,手机283,是,0
3556,质量40,问题,1
3557,对方2,回声,2
3558,卡屏1,让,0
3559,检测16,没事,1
3560,赠品10,是,1
3561,我们4,申请,2
3562,我305,服,2
3563,屏幕99,划痕,0
3564,屏幕100,划痕,1
3565,屏幕101,失灵,1
3566,我306,哈哈大笑,2
3567,手机284,没声,1
3568,信号73,差,0
3569,屏膜1,灵敏,0
3570,电量9,不行,0
3571,价格24,一样,0
3572,服务32,好,0
3573,服务33,好,0
3574,服务34,差,0
3575,卖3,手机,0
3576,我307,收到,2
3577,扫条码1,显示,0
3578,感觉16,是,1
3579,手感9,不好,0
3580,找3,问题,2
3581,对方3,声音,2
3582,白条2,逾期,0
3583,方面3,好,1
3584,地方2,够,1
3585,电量10,够,1
3586,关1,问题,0
3587,说机器1,动,1
3588,下2,没动,1
3589,触控2,灵敏,0
3590,户1,没有,0
3591,数据2,方便,1
3592,转入1,方便,1
3593,换12,是,1
3594,有2,请,2
3595,手机285,耗电,0
3596,大家63,购买,2
3597,物流14,不错,0
3598,卡卡1,多,1
3599,东西11,多,1
3600,个2,没有,1
3601,检测17,说,1
3602,服务35,不好,0
3603,品质3,差,0
3604,光待机1,撑,0
3605,时间24,出现,1
3606,重复1,鬼畜,1
3607,我308,退货,2
3608,屏幕102,小,0
3609,商品14,买,1
3610,卖家4,联系,0
3611,手机膜2,看,0
3612,质量41,不怎么样,1
3613,有3,让,0
3614,手机286,小,0
3615,过程4,出现,1
3616,大家64,看好,2
3617,上方2,触摸,1
3618,屏幕103,问题,1
3619,显示4,问题,1
3620,摄像头20,灰,0
3621,屏幕104,灵敏,1
3622,触控3,灵敏,1
3623,京东104,退,0
3624,使用5,问题,0
3625,手机287,发热,0
3626,app3,关,1
3627,更新1,关,1
3628,手机288,问题,0
3629,解锁2,迟缓,1
3630,邮寄1,问题,0
3631,手机289,问题,0
3632,上10,黑影,1
3633,客服97,让,0
3634,黑影1,问题,1
3635,打字3,延迟,0
3636,手机290,耐用,0
3637,其他11,问题,2
3638,适配器2,坏,1
3639,我309,用,2
3640,拆1,印痕,1
3641,我310,盒子,1
3642,黑色1,客服,0
3643,通话4,声音,0
3644,铃声2,怪异,0
3645,右上角2,感觉,1
3646,摄像头21,问题,1
3647,拍照9,问题,1
3648,卡9,问题,1
3649,电池35,耐用,0
3650,电池36,说,1
3651,手感10,咋样,1
3652,app4,进去,1
3653,滑1,没,1
3654,事件1,出,1
3655,京东105,换,2
3656,分2,给,1
3657,更新2,解决,1
3658,我311,信任,2
3659,记录1,是,1
3660,情形1,图片,1
3661,换13,顺利,1
3662,问5,推荐,0
3663,我312,问题,2
3664,充电器16,问题,2
3665,手机291,降价,0
3666,话5,是,1
3667,我313,钱,2
3668,屏幕105,眼睛,0
3669,眼睛2,瞎,0
3670,这53,是,2
3671,这54,例,1
3672,眼睛3,难受,2
3673,它3,优点,2
3674,缺点3,是,1
3675,屏幕106,灵敏,0
3676,左上角1,返回键,0
3677,我314,劝,2
3678,12mini1,情况,0
3679,大家65,购买,2
3680,我315,问,2
3681,他们9,说,2
3682,我316,是,1
3683,手机292,发热,0
3684,我317,是,2
3685,覆盖1,可以,1
3686,网络12,是,1
3687,人员8,知道,1
3688,电池37,大,0
3689,电池38,耐用,0
3690,耗电12,下降,1
3691,让2,是,1
3692,指头1,夹,1
3693,敲击1,响声,1
3694,响声1,大,0
3695,大家66,情况,2
3696,手机293,传输,0
3697,玻璃5,裂开,1
3698,裂痕2,使用,2
3699,我318,使用,2
3700,自己45,检查,2
3701,苹果22,坑,0
3702,大家67,买,2
3703,价格25,划算,1
3704,效果6,差,0
3705,mini1,小,0
3706,发热8,严重,0
3707,解锁3,不灵,1
3708,退货6,难,0
3709,体验25,差,1
3710,京东106,会员,1
3711,我319,追评,2
3712,尺寸3,小,1
3713,信号74,差,0
3714,信号75,不好,0
3715,反应13,慢,0
3716,音质3,一般,0
3717,苹果23,苹果,0
3718,手机卡2,死,1
3719,发货20,满,0
3720,机子15,差劲,0
3721,券2,办法,1
3722,态度58,强硬,0
3723,你们14,说了算,2
3724,服务36,差,1
3725,谁28,后悔,2
3726,机器15,毛病,0
3727,信号76,不好,0
3728,网络13,慢,0
3729,态度59,恶劣,1
3730,客服98,说了算,1
3731,大家68,店,2
3732,产品10,问题,1
3733,屏幕107,失灵,0
3734,感觉17,一般,0
3735,京东107,差,1
3736,体验26,差,1
3737,手机294,小,0
3738,大家69,买,2
3739,我320,嘈,2
3740,购物4,谨慎,0
3741,办法1,是,1
3742,本人1,iphone,2
3743,技术2,支持,1
3744,自营4,新机,1
3745,产品11,新机,1
3746,京东108,配件,2
3747,京东109,拖延,0
3748,京东110,自营,1
3749,购买4,忍,1
3750,人17,思,1
3751,图1,截图,1
3752,人18,显示,1
3753,物流15,显示,1
3754,补2,差劲,1
3755,手机295,降价,1
3756,会员3,负责,1
3757,体验27,差,1
3758,运气6,好,2
3759,兄弟4,买,0
3760,电池39,续航,0
3761,价6,代表,1
3762,高1,代表,1
3763,质量42,差,1
3764,我321,小,0
3765,手机296,小,0
3766,我322,要求,2
3767,掉1,钱,1
3768,毛病3,懒得,1
3769,无线1,连接,0
3770,你们15,真是,2
3771,手机297,跟,0
3772,什么7,店,2
3773,开封3,退,0
3774,大家70,买,2
3775,反应14,迟顿,0
3776,京东111,自营,1
3777,这55,算,2
3778,京东112,自营,1
3779,体验28,差,0
3780,屏幕108,小,0
3781,大家71,买,2
3782,电池40,耗电,0
3783,视频9,分钟,0
3784,发热9,严重,0
3785,手机298,运行,0
3786,手机299,问题,1
3787,触控4,问题,1
3788,天4,退,0
3789,客服99,呆b,0
3790,激活8,真的,1
3791,京东113,真的,1
3792,付款1,慎重,0
3793,谁29,说,2
3794,客服100,说,1
3795,自营5,是,1
3796,买54,降价,1
3797,京东114,是,0
3798,公司5,坑,1
3799,时间25,短,1
3800,信号77,差,1
3801,我323,眼,2
3802,听筒10,用,0
3803,感觉18,差,0
3804,129,收到,0
3805,我324,喜欢,0
3806,实物1,喜欢,0
3807,客服101,打电话,0
3808,京东115,买,2
3809,个人3,合理,1
3810,真心1,合理,1
3811,京东116,购买,1
3812,黑屏4,关机,1
3813,手机壳2,没有,0
3814,爹1,教训,2
3815,发热10,厉害,0
3816,pro3,好,1
3817,手机电2,没,1
3818,外观11,小,0
3819,京东117,东西,1
3820,结果卡1,死,2
3821,客户5,说,0
3822,手5,粗糙,1
3823,京东118,东西,1
3824,过1,常事,0
3825,次日达1,变为,0
3826,边框16,到,0
3827,我325,服,2
3828,客服102,说,0
3829,星12,手机,1
3830,保值1,新,1
3831,态度60,恶劣,1
3832,耗电13,快,0
3833,信号78,差,0
3834,死机6,次,0
3835,失望3,极致,0
3836,信号79,更新,0
3837,离开1,WiFi,1
3838,E2,WiFi,1
3839,拆封4,退回,0
3840,按键5,样子,0
3841,关机1,费劲,0
3842,态度61,不行,1
3843,尺寸4,小,0
3844,京东119,买,0
3845,背板3,裂缝,0
3846,客服103,拒绝,0
3847,影响1,算,1
3848,外观12,破损,0
3849,联系4,让,1
3850,手机300,解决,2
3851,京东120,解决,2
3852,结果11,不辅,1
3853,下3,支持,1
3854,上11,支持,1
3855,这56,是,2
3856,这57,见识,2
3857,京东121,见识,2
3858,机器16,小,0
3859,拆封5,退换,0
3860,官网7,支持,1
3861,客服104,爱理不理,1
3862,买55,还是,1
3863,手机301,退,1
3864,大家72,小心,2
3865,退货7,假,1
3866,质量43,问题,0
3867,屏幕109,失灵,0
3868,脸2,灵敏,1
3869,功能7,灵敏,1
3870,退货8,问题,1
3871,检测18,问题,1
3872,生日1,收到,0
3873,买56,是,1
3874,你33,营,2
3875,商家18,送,1
3876,电池41,劲,0
3877,手机302,游戏,0
3878,客服105,理人,0
3879,包装27,烂,1
3880,屏幕110,失灵,0
3881,手机303,问题,0
3882,播放1,音乐,2
3883,自己46,音乐,2
3884,换14,一样,1
3885,大家73,买,2
3886,屏幕111,触摸,0
3887,我326,服,2
3888,价格26,多,1
3889,手机304,小,0
3890,客服106,爱理不理,0
3891,服务37,差,0
3892,京东122,垃圾,0
3893,王者4,关机,1
3894,烦3,失灵,0
3895,屏幕112,失灵,0
3896,态度62,强硬,1
3897,东西12,关门,1
3898,朋友16,买,0
3899,感觉19,超,0
3900,商家19,消费者,0
3901,信号80,差,0
3902,对方4,说,1
3903,手机305,充电,0
3904,打字4,开始,0
3905,手机306,烫,0
3906,合适1,退,1
3907,各位3,准备,2
3908,屏幕113,敏感,1
3909,解锁4,敏感,1
3910,提示音1,小,0
3911,声音16,小,1
3912,不待机1,正常,0
3913,电池42,待机,0
3914,性能5,没有,0
3915,体感1,差,0
3916,啥22,让,2
3917,新机6,问题,1
3918,激活9,问题,1
3919,检测19,厂家,1
3920,自己47,厂家,1
3921,我327,联系,2
3922,我328,联系,2
3923,意2,售,1
3924,旗舰店2,问题,1
3925,产品12,问题,1
3926,产品13,问题,0
3927,京东123,让退,0
3928,客服107,差,0
3929,外包装7,差,0
3930,大家74,买,2
3931,填充物1,少,1
3932,拿3,问题,1
3933,用11,不行,1
3934,态度63,不好,1
3935,客服108,告诉,0
3936,手机307,收到,0
3937,屏幕114,红,0
3938,京东124,拒绝,2
3939,失望4,顶,0
3940,我329,手机,2
3941,京东125,黑,0
3942,态度64,差,1
3943,什么8,不好,1
3944,手机308,用,0
3945,电池43,差,1
3946,待机4,差,1
3947,其余1,好,2
3948,续航11,好差,0
3949,体验29,差,1
3950,解锁反应1,有,0
3951,商家20,问题,0
3952,服务38,差,0
3953,手机309,电,0
3954,屏幕115,问题,1
3955,我330,是,2
3956,手机310,开机,1
3957,拿4,开机,1
3958,屏幕116,解锁,0
3959,手机311,问题,0
3960,客服109,说,0
3961,强制性1,退货,0
3962,大家75,买,2
3963,平台6,是,1
3964,自己48,管,2
3965,电池44,耐用,0
3966,杂音1,大,1
3967,你们16,想,2
3968,京东126,是,0
3969,意味1,是,2
3970,消协1,是,2
3971,你34,是,2
3972,他们10,动,2
3973,人19,知道,1
3974,结论1,抖,1
3975,手6,抖,1
3976,事情1,少,1
3977,我331,是,1
3978,官方9,是,1
3979,京东127,退,1
3980,大家76,谨慎,2
3981,京东128,准备,2
3982,商家21,回答,1
3983,机器人5,回答,1
3984,手机312,买,2
3985,我332,买,2
3986,自己49,买,2
3987,产品14,不好,1
3988,体验30,不好,1
3989,顾客1,产品,1
3990,客服110,是,0
3991,消费者3,问,2
3992,好1,问,2
3993,自己50,问,2
3994,沟通3,是,1
3995,距离1,是,0
3996,客服111,说,0
3997,消费者4,抱歉,0
3998,触屏8,失效,0
3999,问6,机器人,1
4000,你们17,注意,2
4001,我333,买,2
4002,我334,小,2
4003,我335,客户,2
4004,他7,说,2
4005,我336,没有,2
4006,我337,包装,2
4007,他8,包装,2
4008,你35,包装,2
4009,你36,退,2
4010,里面8,知道,2
4011,我338,知道,2
4012,外观13,瑕疵,0
4013,谁30,想,2
4014,这58,缺失,2
4015,这个6,用,2
4016,上京东1,用,2
4017,人员9,提供,1
4018,店面1,给,1
4019,原因5,回收券,2
4020,他们11,回收券,2
4021,iphone121,垃圾,0
4022,信号81,变,0
4023,迷你1,屏幕,1
4024,大拇指1,好使,0
4025,我339,手机,2
4026,机子16,开机,0
4027,客服112,叫,0
4028,屏幕117,状态,1
4029,结果12,还是,0
4030,客服113,推脱,1
4031,这59,是,2
4032,本身4,问题,1
4033,买家1,等,1
4034,手机313,卡机,0
4035,申请7,需要,0
4036,卡顿4,无,0
4037,黑猫1,投诉,0
4038,触屏9,失灵,1
4039,猫1,投诉,1
4040,一代2,失望,1
4041,京东129,封撕,2
4042,我340,塑封,2
4043,缝隙7,均匀,0
4044,JD1,拆封,0
4045,音质4,差劲,0
4046,音质5,好,1
4047,机器17,磕痕,1
4048,我341,花钱,2
4049,周围1,不灵,1
4050,触控5,不灵,1
4051,京东130,手机,1
4052,京1,会员,2
4053,信任2,毁,1
4054,用户4,问题,1
4055,用12,问题,1
4056,分3,少,1
4057,封条1,破损,0
4058,12mini2,套,1
4059,大家77,去,2
4060,触摸3,问题,1
4061,买57,陷阱,1
4062,的4,说,2
4063,评价3,是,1
4064,态度65,申请,1
4065,后台1,申请,1
4066,我342,感觉,2
4067,老婆5,尺寸,0
4068,补3,不行,1
4069,手机314,到手,0
4070,检测20,问题,1
4071,我343,新,1
4072,旧1,新,1
4073,京东131,扣,2
4074,态度66,敷衍,1
4075,解锁5,按,1
4076,人脸2,识别,0
4077,语音2,打,0
4078,对方5,挂,2
4079,手机315,包装,0
4080,我344,无所谓,1
4081,这60,情况,2
4082,这61,说,2
4083,我345,手机,2
4084,买58,手机,2
4085,信息5,不详,1
4086,购买5,提示,0
4087,你37,说,2
4088,你38,手机,2
4089,手机316,问题,0
4090,收到5,时间,1
4091,态度67,不用说,1
4092,手机317,问题,0
4093,态度68,坚决,0
4094,屏幕118,小,0
4095,发热11,严重,0
4096,发热12,严重,0
4097,发热13,严重,1
4098,大家78,考虑,2
4099,买59,卖,1
4100,一千五1,咋滴,1
4101,发货21,慢,0
4102,包装28,简陋,0
4103,期2,123,1
4104,期3,下来,1
4105,客服114,推卸,1
4106,充电宝1,收到,0
4107,屏幕119,灵活,0
4108,触摸4,失灵,1
4109,客服115,声称,0
4110,方式3,差,1
4111,大家79,客服,2
4112,这62,商家,2
4113,快递11,手机,0
4114,客服116,客服,1
4115,块1,打发,1
4116,买60,数,1
4117,好2,数,1
4118,机子17,问题,1
4119,发热14,严重,0
4120,里面9,动,0
4121,这63,平台,2
4122,东西13,好,1
4123,毛1,浪费,1
4124,操控1,灵活,1
4125,体验感5,差,0
4126,机身5,烫,1
4127,你39,客服,2
4128,我346,恢复,2
4129,这64,用心,1
4130,接受1,差,1
4131,体验31,不好,1
4132,发热15,严重,1
4133,贴屏膜1,壳,0
4134,套壳1,化,1
4135,钢1,化,1
4136,谁31,后悔,2
4137,个人4,建议,0
4138,操作4,触控,1
4139,操作屏1,小,1
4140,电话4,接,0
4141,字母1,触摸,1
4142,里8,气泡,1
4143,结果13,券,1
4144,掉电2,快,0
4145,屏幕120,是,0
4146,体验32,差,0
4147,屏幕121,小,0
4148,玩12,可能,0
4149,买61,拍,1
4150,手机318,无语,1
4151,发热量1,大,0
4152,耗电量1,大,0
4153,大家80,思,2
4154,手机319,差电池,0
4155,返回键2,不灵,1
4156,机身6,划痕,0
4157,客服117,说,0
4158,意思2,弄,2
4159,划痕1,弄,2
4160,我347,弄,2
4161,有4,不好,1
4162,命1,不好,1
4163,京东132,粗,1
4164,气2,粗,1
4165,想5,退,1
4166,客服118,说,0
4167,我348,说,2
4168,客服119,说,0
4169,退换2,是,1
4170,这些1,算,0
4171,微信1,手,1
4172,自我1,安慰,2
4173,妈2,下,1
4174,换15,算,1
4175,别人12,用,2
4176,大家81,注意,2
4177,机身7,伤痕,0
4178,京东133,认账,2
4179,我349,激活,2
4180,激活10,退,1
4181,京东134,店,0
4182,手机320,low,1
4183,客服120,告知,2
4184,商品15,质量,1
4185,那7,算,2
4186,我350,想,2
4187,触屏10,失灵,0
4188,边角2,按,0
4189,电池45,干,0
4190,我351,人,2
4191,服务39,返修,1
4192,换16,说了算,2
4193,你40,说了算,2
4194,优点1,就,1
4195,物2,没毛病,0
4196,谁32,后悔,2
4197,系统10,好用,1
4198,反应15,迟钝,0
4199,接听键1,没,1
4200,链接1,线,0
4201,信号82,差,0
4202,信息6,迟钝,0
4203,我352,买,2
4204,我353,买,2
4205,触屏11,烂,0
4206,我354,买,2
4207,想发1,失灵,1
4208,自3,音乐,2
4209,屏幕122,真,1
4210,失灵1,真,1
4211,电5,充,0
4212,信号83,稳定,0
4213,信号84,小,1
4214,声音17,小,1
4215,我355,知道,2
4216,客服121,强调,0
4217,新机7,问题,0
4218,去1,问题,0
4219,机子18,问题,0
4220,京东135,管,2
4221,他们12,全款,1
4222,收到6,全款,1
4223,回收价2,低,1
4224,回收价3,包括,1
4225,9401,补贴,1
4226,给5,多,1
4227,自己51,回收,2
4228,回收价4,包括,1
4229,你41,是,2
4230,客服122,说,1
4231,我356,忍,2
4232,天5,是,1
4233,你42,倒闭,1
4234,消息1,慢,1
4235,反应16,慢,1
4236,你们18,实体店,2
4237,店13,价格,1
4238,态度69,差,1
4239,实体店3,帮,1
4240,啥23,帮,1
4241,手机321,服气,1
4242,买62,服气,1
4243,同事3,收,1
4244,谁33,知道,2
4245,送货7,显示,1
4246,我357,出差,2
4247,同事4,激活,1
4248,京东136,打电话,2
4249,朋友17,拿,1
4250,他9,放,2
4251,我358,物品,1
4252,手机322,物品,1
4253,手机323,变成,2
4254,京东137,说,0
4255,他10,么服,2
4256,手机324,声音,1
4257,音量键1,失灵,0
4258,去2,问题,1
4259,指南针1,有,0
4260,我359,倒霉,2
4261,网速3,绝,1
4262,网速4,正常,0
4263,人家5,问题,1
4264,质检1,问题,1
4265,感觉20,小,0
4266,回归1,到,0
4267,发货22,比,0
4268,派件员1,不行,1
4269,是1,不行,1
4270,自4,提,1
4271,这65,屏幕,2
4272,无3,死,0
4273,京东138,退换,2
4274,淘系1,是,0
4275,屏幕123,印记,0
4276,屏幕124,印记,0
4277,划1,平整感,0
4278,官方10,检测,1
4279,京东139,认可,0
4280,官方11,授权,1
4281,京东140,售,0
4282,我360,倒霉,2
4283,我361,时间,2
4284,我362,时间,2
4285,评论2,给,1
4286,屏膜2,没,0
4287,膜3,问题,0
4288,结果14,一样,0
4289,客服123,说,0
4290,客服124,理由,0
4291,京东141,是,1
4292,客服125,垃圾,0
4293,配置2,是,1
4294,包装29,脏,0
4295,用户5,对比,1
4296,屏幕125,小,0
4297,屏幕126,发,0
4298,续航12,不行,1
4299,好评2,是,1
4300,大家82,买,2
4301,性价比6,不行,1
4302,朋友18,买,1
4303,打字5,方便,1
4304,效果7,差,1
4305,滑屏1,滑,1
4306,无4,假,1
4307,机3,发,1
4308,体验33,差,1
4309,手机325,回家,0
4310,手机326,老款,0
4311,手机327,老款,0
4312,人员10,让,2
4313,买63,让,2
4314,客服126,说,1
4315,底部3,触摸,0
4316,取1,说,0
4317,检测21,好,1
4318,我363,服,2
4319,我364,评论区,2
4320,屏幕127,触控,1
4321,我365,不以为然,2
4322,一1,iPhone,1
4323,二2,iPhone,1
4324,屏幕128,刮花,1
4325,体验34,爽,0
4326,商品16,状态,1
4327,这66,没意思,2
4328,抢购1,商品,1
4329,为1,商品,1
4330,评价4,点,1
4331,星13,师傅,1
4332,信号85,满格,0
4333,信号86,没,1
4334,模式1,没用,1
4335,解锁6,滑动,0
4336,我366,遇到,2
4337,声音18,一样,1
4338,听歌会1,声音,0
4339,电6,没,1
4340,大家83,购买,2
4341,音频1,问题,0
4342,店14,客服,0
4343,信号87,差,0
4344,屏幕129,灵敏,0
4345,充电20,慢,0
4346,屏幕130,暗快,0
4347,配件7,没有,1
4348,电话5,坏,0
4349,听筒11,坏,0
4350,荣耀4,闪退,1
4351,预购1,等,0
4352,接口2,问题,1
4353,里面10,灰尘,1
4354,双十一10,降价,0
4355,打5,卡,0
4356,手机328,烫手,0
4357,我367,话,2
4358,手机329,翻新机,0
4359,手机330,想,1
4360,用13,想,1
4361,我368,是,2
4362,我369,想,2
4363,自己52,想,2
4364,质量44,好,0
4365,激活11,退,1
4366,我370,裂开,2
4367,手机331,烫,0
4368,购物5,抠门,1
4369,商品17,虚假,0
4370,手机332,卡,1
4371,保护10,没有,0
4372,换17,是,1
4373,这67,买,2
4374,手机333,磕,0
4375,我371,希望,2
4376,手机334,黑屏,1
4377,卡机1,出现,0
4378,手机335,发热,1
4379,信号88,差,0
4380,区域1,发热,1
4381,摄像头22,点,0
4382,屏幕131,裂纹,0
4383,感觉21,好,0
4384,充电头7,配,0
4385,这68,买,2
4386,屏幕132,点,1
4387,女朋友1,骂骂咧咧,0
4388,亮度7,固定,1
4389,手机336,烫,0
4390,时间26,管,1
4391,充电器17,充电,2
4392,蓝牙5,连接,0
4393,开机11,理解,1
4394,日文1,理解,1
4395,英文1,理解,1
4396,自营6,标,2
4397,充电头8,不配,1
4398,机子19,用,0
4399,发烫2,厉害,0
4400,数据线9,坏,0
4401,态度70,不好,1
4402,降价13,讨厌,1
4403,贴2,差劲,1
4404,客服127,不理人,1
4405,朋友19,买,2
4406,我372,买,2
4407,里面11,灰尘,1
4408,屏幕133,问题,1
4409,信号89,差,0
4410,死机7,想,0
4411,信号90,不好,0
4412,京东142,霸道,0
4413,信号91,差,0
4414,那8,叫,2
4415,手机337,出现,0
4416,退货9,账,1
4417,里面12,颗粒,1
4418,女朋友2,想,2
4419,我373,想,2
4420,手机338,问题,0
4421,信号92,差,0
4422,显示屏1,清晰,1
4423,听筒12,坏,1
4424,背面2,点,0
4425,客服128,说,0
4426,我374,感觉,2
4427,摄像头23,灰,0
4428,打游戏4,店,1
4429,大爷1,买,2
4430,死机8,次,0
4431,外观14,有,1
4432,送6,不怎么样,1
4433,手机339,货,0
4434,信号93,不好,0
4435,插2,用不了,0
4436,手机340,电,0
4437,手机341,机,0
4438,信号94,不好,1
4439,充电21,慢,0
4440,支持1,好,1
4441,奶奶1,买,1
4442,充电器18,客服,1
4443,手机342,好,0
4444,荣耀5,闪退,1
4445,服务40,差,1
4446,包装30,不行,1
4447,彩2,显示,0
4448,手机343,毛病,0
4449,辣鸡2,自营,0
4450,摄像头24,胶,0
4451,品控6,差,0
4452,锁屏键3,失灵,1
4453,手机344,发热,0
4454,手机345,关机,0
4455,屏幕134,有,1
4456,我375,买,2
4457,态度71,恶劣,1
4458,声音19,沙,0
4459,手机346,小时,1
4460,服务41,一般般,1
4461,信号95,差,1
4462,手机347,不耐,0
4463,机键1,问题,1
4464,手机348,是,1
4465,体验35,差,1
4466,画质2,清晰,0
4467,你们19,脏,1
4468,收到7,脏,1
4469,充电器19,没有,1
4470,充电头9,发货,0
4471,产品15,有,0
4472,充电头10,电池,0
4473,手机349,天,1
4474,大家84,缝隙,1
4475,屏幕135,缝隙,1
4476,充电器20,线,0
4477,手机350,单卡,1
4478,给6,单卡,1
4479,服务42,差,1
4480,消息2,回,0
4481,售后服务13,没,1
4482,信号96,奇差,0
4483,线2,开裂,0
4484,手机351,充,0
4485,老板1,毛,2
4486,听筒网1,漆,0
4487,退货10,动静,1
4488,电池46,掉,0
4489,屏幕136,发,0
4490,手机352,用,0
4491,充电器21,插头,0
4492,想6,好,1
4493,屏幕137,瑕疵,0
4494,里面13,有,1
4495,耗电14,快,1
4496,拍照10,东西,0
4497,自5,网,1
4498,软件4,网,1
4499,充电头11,没有,1
4500,产品16,差,1
4501,设置屏1,黄,1
4502,品质4,反弹,1
4503,苹果24,发热,0
4504,机身8,发热,0
4505,荣耀6,发,1
4506,头4,差差,1
4507,看图1,让,1
4508,手机353,死机,1
4509,手机354,绿屏,0
4510,换购1,骗局,0
4511,买64,运气活,0
4512,电池47,挣,0
4513,练1,买,2
4514,自己53,买,2
4515,客服129,吊气,0
4516,京东143,吊,0
4517,里9,毛毛,1
4518,谁34,后悔,2
4519,外面1,压,0
4520,手感11,好,0
4521,开机12,闪屏,1
4522,充电口3,漆,0
4523,手机355,发,1
4524,买65,坑,1
4525,裸机2,贵,0
4526,手机356,电,0
4527,手机357,烫,0
4528,苹果25,质量,1
4529,包装31,手机,1
4530,成功1,一样,2
4531,实体店4,一样,2
4532,苹果26,不错,0
4533,手机358,花屏,0
4534,屏幕138,花屏,0
4535,背面3,瑕疵,1
4536,我376,是,2
4537,问题16,办法,1
4538,我377,知道,2
4539,别人13,不行,1
4540,送7,不行,1
4541,耗电15,入手,2
4542,大家85,入手,2
4543,手机359,瑕疵,0
4544,屏幕139,瑕疵,0
4545,京东144,客户,0
4546,时间27,相差,1
4547,充电线3,说事,1
4548,标签2,损毁,0
4549,时间28,是,1
4550,我378,开机,2
4551,态度72,不好,0
4552,手机360,快充头,1
4553,差5,大,1
4554,充电器22,带,1
4555,插入1,显示,1
4556,京东145,看,2
4557,我379,看,2
4558,说4,有,1
4559,质量45,问题,1
4560,系统11,问题,1
4561,苹果27,苹果,0
4562,字会1,有,1
4563,网上1,说,0
4564,信息7,错误,1
4565,换18,套路,1
4566,态度73,恶劣,1
4567,反应17,慢,1
4568,打字6,卡,0
4569,机器18,问题,0
4570,屏幕140,绿,0
4571,屏幕141,绿,1
4572,充电头12,没有,1
4573,卡10,说,1
4574,官网8,贵,1
4575,摄像头25,白,0
4576,京东146,发,1
4577,屏幕142,发,1
4578,使用6,坏,1
4579,前脚1,后脚,0
4580,价7,保,1
4581,处4,划痕,1
4582,处理2,差,1
4583,开4,闪屏服,1
4584,星14,给,1
4585,耳机10,没有,0
4586,京东147,事实,2
4587,屏1,闪,0
4588,态度74,不好,1
4589,触屏12,灵敏,1
4590,盒子3,窝,0
4591,手机361,花屏,1
4592,返回2,灵敏,1
4593,屏幕143,划痕,1
4594,上面3,划痕,1
4595,边框17,划痕,0
4596,买66,问题,1
4597,买67,是,1
4598,屏幕144,划痕,0
4599,大家86,买,2
4600,蓝屏1,事,0
4601,充电器头1,耳机,1
4602,手机362,烫,1
4603,屏幕145,裂开,0
4604,啥24,没有,0
4605,感觉22,假货,0
4606,手机363,差,0
4607,屏幕146,黄,0
4608,运营商1,信号,1
4609,感受2,糟糕,0
4610,光线2,黑,1
4611,王者5,热,1
4612,充电器23,带,0
4613,信号97,不好,0
4614,手机会1,启,0
4615,充电器24,没有,0
4616,邮1,水印,0
4617,客服130,说,0
4618,买68,选择,1
4619,心11,塞,0
4620,屏幕147,跟,2
4621,我380,跟,2
4622,大家87,手机,2
4623,手机364,激活,1
4624,拆2,激活,1
4625,天猫2,不可以,1
4626,退换3,不可以,1
4627,才卡1,可靠,1
4628,13才香1,晓得,0
4629,信号98,差,0
4630,态度75,差,1
4631,信号99,差,0
4632,我381,放心,2
4633,摄像头26,对位,1
4634,信号100,不好,0
4635,的5,不错,2
4636,运气7,不好,0
4637,屏幕148,绿,0
4638,点2,差评,1
4639,手机365,感觉,0
4640,电池48,电,0
4641,电7,没有,0
4642,谁35,鬼相机,2
4643,这69,鬼相机,2
4644,态度76,差,1
4645,充电22,厉害,1
4646,缝隙8,大,1
4647,虎1,人,2
4648,包装32,让,1
4649,审核1,通过,1
4650,客服131,人,1
4651,做工2,有,1
4652,价位1,有,1
4653,打电话12,电流声,1
4654,大家88,小心,2
4655,态度77,手机,2
4656,你们20,手机,2
4657,购物6,退款,1
4658,激活12,退款,1
4659,颜色14,一致,1
4660,手机366,发,1
4661,手机367,电,1
4662,电池49,不行,0
4663,客服132,回复,0
4664,麻烦1,请,0
4665,数据线10,是,0
4666,别的5,可以,0
4667,充电器25,是,0
4668,充电口4,缺口,1
4669,屏幕149,算,1
4670,激活13,算,1
4671,毛病4,好,1
4672,电池50,电话,0
4673,感觉23,是,0
4674,手机壳3,没有,0
4675,电池51,难受,1
4676,续航13,难受,1
4677,手机368,没有,0
4678,立1,降,1
4679,指导1,开,1
4680,雷1,劈,1
4681,这70,是,2
4682,掉价4,可气,1
4683,这71,就,1
4684,充电23,充,0
4685,电池52,不行,0
4686,店15,欺客,0
4687,你43,值得,2
4688,机子20,问题,0
4689,二手机2,伤,0
4690,触屏13,坏,0
4691,谁36,后悔,2
4692,降价14,很,0
4693,手机369,有,0
4694,玩意儿1,到,1
4695,密码3,错误,1
4696,我382,密码,1
4697,输入1,密码,1
4698,手机370,充电,0
4699,买69,算,2
4700,手机电3,上,0
4701,耗电16,快,0
4702,屏幕150,线,0
4703,日期5,问题,1
4704,我383,降价,1
4705,链接2,降价,1
4706,新品1,降价,0
4707,跳水1,厉害,0
4708,京东148,手机,1
4709,你44,充电,2
4710,这72,意思,2
4711,官2,翻机,0
4712,大家89,注意,2
4713,反应18,慢,0
4714,发货23,划痕,0
4715,信号101,是,1
4716,WIFI1,用,0
4717,充电器26,没有,1
4718,手提袋2,没有,1
4719,屏幕151,屏,0
4720,买70,想象,2
4721,你45,想象,2
4722,刘1,入狱,2
4723,翻车1,谨慎,1
4724,包装33,破损,0
4725,京东149,变,0
4726,麦克风4,坏,0
4727,信号102,差,1
4728,我384,使用,2
4729,钱10,港版,1
4730,手感12,巨差,0
4731,事3,糟心,0
4732,屏幕152,问题,1
4733,手机371,联系,1
4734,快递员6,送货,0
4735,收货人1,裹,1
4736,体验36,差,0
4737,电池53,发热,0
4738,京东150,差,1
4739,送货8,差,1
4740,屏幕153,黄发,0
4741,买71,买,1
4742,1210,退,2
4743,大家90,退,2
4744,客服133,退,2
4745,辣鸡3,假,0
4746,电池54,垃圾,0
4747,发热16,严重,0
4748,制度2,灵活,0
4749,联系5,机器人,0
4750,我385,是,1
4751,我386,是,1
4752,谁37,知道,2
4753,报告1,问题,0
4754,机器19,问题,0
4755,换19,问题,1
4756,官网9,买,1
4757,续航14,差,0
4758,检测22,说,0
4759,缝隙9,大,1
4760,大家91,买,2
4761,包装34,简陋,0
4762,开机13,研究,1
4763,大家92,研究,1
4764,荣耀7,打,1
4765,手机372,发热,0
4766,你46,真,1
4767,人生1,真,1
4768,苹果28,烂,1
4769,耗电17,快,1
4770,京东151,说,1
4771,屏幕154,说,1
4772,我387,说,1
4773,我388,要,0
4774,我389,没有,2
4775,人家6,没有,2
4776,我390,没有,2
4777,人20,是,1
4778,去3,不行,1
4779,我391,买,2
4780,妹1,买,2
4781,我392,客服不理人,2
4782,大头1,客服不理人,2
4783,里10,灰尘,1
4784,手机373,降,0
4785,摄像头27,模糊,1
4786,手机374,电量,1
4787,速度22,是,2
4788,速度23,恭维,0
4789,价格27,降,0
4790,价格28,给,1
4791,买72,降价,1
4792,外观15,问题,0
4793,我393,没有,1
4794,证书1,没有,1
4795,数据线11,坏,0
4796,买73,看到,2
4797,一个4,看到,2
4798,理人1,过分,0
4799,东西14,贵,1
4800,流量卡1,没有,1
4801,心理1,平衡,0
4802,我394,卡,2
4803,服务43,不行,0
4804,快递12,慢,0
4805,说5,上网卡,2
4806,我395,号,2
4807,声音20,小,0
4808,客服134,慢,1
4809,回复5,慢,1
4810,大家93,上当,2
4811,信号103,不行,0
4812,手机375,有,0
4813,里面14,白点,1
4814,价格29,降,0
4815,态度78,差,1
4816,自我2,完美,1
4817,想象2,完美,1
4818,我396,买,2
4819,手机376,毛病,0
4820,态度79,差,1
4821,钢化膜4,没有,1
4822,识别3,好使,1
4823,充电线4,是,0
4824,态度80,差,1
4825,手机377,好,0
4826,耳机11,声音,1
4827,实体店5,贵,1
4828,买74,贵,1
4829,掉2,瑕疵,0
4830,退换货1,快,0
4831,质量46,差,1
4832,手机378,动不,0
4833,放2,重,1
4834,系统12,卡,0
4835,给7,用不了,2
4836,双十一11,贵,0
4837,充电器27,电,0
4838,一个5,没有,0
4839,手机379,电,0
4840,充电线5,问题,0
4841,态度81,问题,1
4842,差6,问题,1
4843,什么9,破,2
4844,手机380,单,1
4845,免费1,礼品,1
4846,手机381,没有,1
4847,处理3,没有,1
4848,内部2,灰尘,1
4849,瑕疵1,多,0
4850,块2,差,1
4851,下4,降价,1
4852,心里10,舒服,0
4853,东西15,齐全,1
4854,手机382,月,0
4855,下面2,漆,1
4856,客服135,说,1
4857,大家94,等等,2
4858,手机383,跳,0
4859,屏幕155,跳,0
4860,价格30,浮动,0
4861,客服136,说话,0
4862,这个7,送,2
4863,他们13,送,2
4864,我397,烫,2
4865,缓冲层1,划痕,0
4866,别人14,换,0
4867,降价15,保价,1
4868,反应19,慢,1
4869,态度82,不好,1
4870,信号104,差,1
4871,套路3,深,1
4872,卡卡2,迟钝,1
4873,反应20,迟钝,1
4874,大家95,手机,2
4875,摄像头28,坏,0
4876,买75,便宜,1
4877,态度83,想,1
4878,冲电器1,没有,1
4879,玩13,@,1
4880,输入2,日期,1
4881,手机384,玩,0
4882,有5,严重,1
4883,手机385,不错,0
4884,充电24,死,0
4885,手机386,就卡,1
4886,信号105,好,0
4887,没有3,是,1
4888,手机387,绿屏,0
4889,手机388,烫,0
4890,买76,是,1
4891,商城1,责任,1
4892,信号106,不好,1
4893,电池55,差,1
4894,续航15,特差,0
4895,信号107,特差,0
4896,断触1,严重,0
4897,电池56,耗电,0
4898,故障1,没有,1
4899,赠品11,没有,1
4900,手机389,封条,1
4901,你47,买,2
4902,摄像头29,是,1
4903,我398,退款,2
4904,京东152,数,1
4905,说6,数,1
4906,外部1,划痕,1
4907,屏幕156,有,0
4908,心态4,崩,1
4909,反应21,迟钝,0
4910,京东153,抱歉,0
4911,买77,月,2
4912,双十一12,降,0
4913,我399,是,2
4914,你们21,玩,2
4915,信号108,差差差差差,0
4916,你48,想象,0
4917,结果15,情况,1
4918,买78,恶心,1
4919,大家96,手机,2
4920,手机390,划痕,1
4921,检查2,在,0
4922,那9,差,0
4923,背面4,道,1
4924,篮子1,滴血,1
4925,手机391,运行,1
4926,手机壳4,没有,0
4927,外包装8,包装,0
4928,降价16,是,1
4929,摄像头30,灰,0
4930,啥25,没有,2
4931,电池57,掉,1
4932,屏幕157,有,0
4933,手机392,意思,1
4934,充电25,意思,1
4935,白条3,气,1
4936,漆1,掉,1
4937,自己54,关机,2
4938,天6,到,1
4939,充电器28,买,0
4940,反应22,慢,0
4941,小1,在,1
4942,商品18,行,0
4943,手机393,坏,1
4944,人21,冷,1
4945,什么10,这样,1
4946,屏幕158,这样,1
4947,京东154,到,2
4948,时间29,见,1
4949,手机394,充,1
4950,充电26,充,1
4951,手机395,发热,0
4952,商城2,值得,1
4953,包装35,有,0
4954,屏幕159,是,0
4955,购买6,降价,1
4956,谁38,用,2
4957,态度84,差,1
4958,心12,累,0
4959,做工3,差,0
4960,降价17,差,0
4961,触感1,差,0
4962,打字7,没,1
4963,激活14,失败,0
4964,这73,鬼,2
4965,摄像头31,有,0
4966,摄像头32,出去,2
4967,自己55,出去,2
4968,耳机12,坏,0
4969,心情10,不好,0
4970,自己56,看,2
4971,app5,关机重启,0
4972,耳机13,坏,0
4973,缝隙10,大,1
4974,今天1,贵,2
4975,表面1,划痕,0
4976,包装36,问题,1
4977,屏幕160,裂痕,0
4978,充电器29,拖,1
4979,维修4,拖,1
4980,手机396,换,2
4981,我400,换,2
4982,星15,给,1
4983,屏幕161,死机,0
4984,大家97,看看,1
4985,返3,意思,2
4986,里11,灰,1
4987,感觉24,翻新机,0
4988,体验37,差,0
4989,信号109,差,0
4990,换20,坑,0
4991,毛病5,烦,1
4992,手机397,地瓜,1
4993,烫3,地瓜,1
4994,耳机14,假,0
4995,摄像头33,灰,0
4996,屏幕162,不灵,1
4997,触摸5,不灵,1
4998,MD1,买,0
4999,手机398,没有,1
5000,这74,是,2
5001,绿屏4,香,0
5002,故障2,启,1
5003,玩14,温度,0
5004,原配线1,充电头,0
5005,玩15,杂音,1
5006,批2,是,1
5007,出现2,是,1
5008,包装37,是,1
5009,垃圾2,卖家,0
5010,垃圾3,假货,0
5011,商家22,买,1
5012,态度85,差,1
5013,真6,是,0
5014,客服137,回复,0
5015,这75,理论,2
5016,这76,活,2
5017,保护壳2,没有,1
5018,网3,落,1
5019,态度86,恶劣,1
5020,按键6,坏,1
5021,京东155,好,2
5022,大家98,买,2
5023,大家99,眼睛,2
5024,电8,开机,1
5025,删除键1,是,1
5026,大家100,买,2
5027,买79,承担,2
5028,自己57,承担,2
5029,京东156,退货,0
5030,我401,怀疑,2
5031,大家101,选择,2
5032,产品17,出现,1
5033,屏幕163,缝隙,1
5034,音响1,沙,1
5035,什么11,机,0
5036,新机8,还卡机,0
5037,系统13,完善,1
5038,耳机15,坏,1
5039,我402,买,2
5040,手机399,没有,1
5041,震动1,没有,1
5042,申请8,售,0
5043,包装38,差,0
5044,我403,手机,2
5045,买80,灵敏,1
5046,声触屏1,灵敏,1
5047,屏幕164,绿,0
5048,触控6,是,1
5049,mini链1,音响,0
5050,电池58,耐用,0
5051,充电线6,坏,0
5052,服务44,差,0
5053,电9,关机,1
5054,机身9,检查,2
5055,大家102,检查,2
5056,按键7,知道,2
5057,我404,知道,2
5058,耗电18,快,0
5059,视频10,真相,0
5060,朋友20,没有,1
5061,什么12,没有,1
5062,体验38,差,0
5063,音质6,差,1
5064,质量47,差,1
5065,京东157,消失,0
5066,质感1,差,0
5067,服务45,不好,0
5068,手机400,没有,1
5069,服务46,没有,1
5070,发热17,严重,0
5071,手机401,小,0
5072,手机402,垃圾,0
5073,售后服务14,差,0
5074,手机403,不好,1
5075,12mini3,差,1
5076,打6,卡,1
5077,接1,用,1
5078,退9,差,1
5079,你49,汽车,2
5080,商家23,告诉,2
5081,触控7,失灵,0
5082,坑3,夸张,1
5083,你们22,参考,2
5084,买81,会,1
5085,我405,去,2
5086,手机404,小,0
5087,态度87,差,1
5088,收货3,显示,0
